"numero_ponto","tipo","endereco","geojson","codigo_linha","nome_linha","categoria","cor","apenas_cartao"
101001,"Novo mobiliário","Praça Tiradentes - 870 - São Braz","{""type"":""Point"",""coordinates"":[-49.272649319118,-25.42968875223]}","870","SÃO BRAZ","CONVENCIONAL","AMARELA","N"
101001,"Novo mobiliário","Praça Tiradentes - 870 - São Braz","{""type"":""Point"",""coordinates"":[-49.272649319118,-25.42968875223]}","870","SÃO BRAZ","CONVENCIONAL","AMARELA","N"
101001,"Novo mobiliário","Praça Tiradentes - 870 - São Braz","{""type"":""Point"",""coordinates"":[-49.272649319118,-25.42968875223]}","889","MAD. SÃO BRÁZ","MADRUGUEIRO","MADRUGUEIRO","N"
101002,"Novo mobiliário","Praça Tiradentes - 865 - Jd Esplanada","{""type"":""Point"",""coordinates"":[-49.272544712967,-25.42990555125]}","865","JD. ESPLANADA","CONVENCIONAL","AMARELA","S"
101002,"Novo mobiliário","Praça Tiradentes - 865 - Jd Esplanada","{""type"":""Point"",""coordinates"":[-49.272544712967,-25.42990555125]}","865","JD. ESPLANADA","CONVENCIONAL","AMARELA","S"
101003,"Novo mobiliário","Praça Tiradentes - 875 - Bigorrilho","{""type"":""Point"",""coordinates"":[-49.2724950921,-25.430029090182]}","875","BIGORRILHO","CONVENCIONAL","AMARELA","S"
101003,"Novo mobiliário","Praça Tiradentes - 875 - Bigorrilho","{""type"":""Point"",""coordinates"":[-49.2724950921,-25.430029090182]}","875","BIGORRILHO","CONVENCIONAL","AMARELA","S"
101004,"Novo mobiliário","Praça Tiradentes - 876 - Savóia","{""type"":""Point"",""coordinates"":[-49.272456604299,-25.430119444658]}","876","SAVÓIA","CONVENCIONAL","AMARELA","N"
101004,"Novo mobiliário","Praça Tiradentes - 876 - Savóia","{""type"":""Point"",""coordinates"":[-49.272456604299,-25.430119444658]}","876","SAVÓIA","CONVENCIONAL","AMARELA","N"
101005,"Novo mobiliário","Praça Tiradentes - 207 - Cabral/ Osório - 260 - Mal.Hermes/Sta.Efigênia","{""type"":""Point"",""coordinates"":[-49.271926463789,-25.430195019723]}","260","MAL. HERMES / STA. EFIGÊNIA","CONVENCIONAL","AMARELA","S"
101005,"Novo mobiliário","Praça Tiradentes - 207 - Cabral/ Osório - 260 - Mal.Hermes/Sta.Efigênia","{""type"":""Point"",""coordinates"":[-49.271926463789,-25.430195019723]}","207","CABRAL / OSÓRIO","TRONCAL","AMARELA","N"
101006,"Novo mobiliário","Praça Tiradentes - 265 - Ahú/ Los Angeles","{""type"":""Point"",""coordinates"":[-49.271831245369,-25.430175641103]}","265","AHÚ / LOS ANGELES","CONVENCIONAL","AMARELA","S"
101007,"Novo mobiliário","Praça Tiradentes - 180 - Água Verde/ Abranches","{""type"":""Point"",""coordinates"":[-49.271732003635,-25.430153840151]}","180","ÁGUA VERDE/ ABRANCHES","CONVENCIONAL","AMARELA","N"
101008,"Novo mobiliário","Praça Tiradentes - 285 - Juvevê/ Água Verde","{""type"":""Point"",""coordinates"":[-49.271632761902,-25.43013930618]}","285","JUVEVÊ / ÁGUA VERDE","CONVENCIONAL","AMARELA","S"
101009,"Novo mobiliário","Praça Tiradentes - 366 - Itupava/ Hospital Militar","{""type"":""Point"",""coordinates"":[-49.271544249004,-25.430115082892]}","366","ITUPAVA / HOSP. MILITAR","CONVENCIONAL","AMARELA","S"
101010,"Novo mobiliário","Praça Tiradentes - 380 - Detran/ Vicente Machado","{""type"":""Point"",""coordinates"":[-49.271423549599,-25.430089648435]}","380","DETRAN / VIC. MACHADO","CONVENCIONAL","AMARELA","N"
101011,"Novo mobiliário","Praça Tiradentes, 421 - Centro","{""type"":""Point"",""coordinates"":[-49.271253229326,-25.430059369312]}","393","C. IMBUIA / PQ. BARIGUI","CONVENCIONAL","AMARELA","S"
101011,"Novo mobiliário","Praça Tiradentes, 421 - Centro","{""type"":""Point"",""coordinates"":[-49.271253229326,-25.430059369312]}","360","NOVENA","CONVENCIONAL","AMARELA","N"
101011,"Novo mobiliário","Praça Tiradentes, 421 - Centro","{""type"":""Point"",""coordinates"":[-49.271253229326,-25.430059369312]}","001","CIRCULAR CENTRO (HORÁRIO)","CIRCULAR CENTRO","BRANCA","S"
101012,"Novo mobiliário","Praça Tiradentes, 70 - Centro","{""type"":""Point"",""coordinates"":[-49.271108390039,-25.429458629939]}","150","C. MÚSICA / V. ALEGRE","CONVENCIONAL","AMARELA","S"
101013,"Novo mobiliário","Praça Tiradentes - 965 - São Bernardo","{""type"":""Point"",""coordinates"":[-49.271137894339,-25.429343568629]}","965","SÃO BERNARDO","TRONCAL","AMARELA","S"
101013,"Novo mobiliário","Praça Tiradentes - 965 - São Bernardo","{""type"":""Point"",""coordinates"":[-49.271137894339,-25.429343568629]}","965","SÃO BERNARDO","TRONCAL","AMARELA","S"
101014,"Novo mobiliário","Praça Tiradentes - 967 - Júlio Graf","{""type"":""Point"",""coordinates"":[-49.271171421951,-25.429263631233]}","967","JÚLIO GRAF","CONVENCIONAL","AMARELA","S"
101014,"Novo mobiliário","Praça Tiradentes - 967 - Júlio Graf","{""type"":""Point"",""coordinates"":[-49.271171421951,-25.429263631233]}","967","JÚLIO GRAF","CONVENCIONAL","AMARELA","S"
101015,"Novo mobiliário","Praça Tiradentes - 464 - A.Munhoz / J.Botânico","{""type"":""Point"",""coordinates"":[-49.271203608459,-25.429167948522]}","464","A. MUNHOZ / J. BOTÂNICO","CONVENCIONAL","AMARELA","S"
101016,"Linha Turismo","Praça Tiradentes - 979 - Linha Turismo","{""type"":""Point"",""coordinates"":[-49.271544255016,-25.429586014047]}","979","TURISMO","JARDINEIRA","TURISMO","M"
101016,"Linha Turismo","Praça Tiradentes - 979 - Linha Turismo","{""type"":""Point"",""coordinates"":[-49.271544255016,-25.429586014047]}","979","TURISMO","JARDINEIRA","TURISMO","M"
101017,"Novo mobiliário","Praça Tiradentes - 280 - Nossa Senhora de Nazaré","{""type"":""Point"",""coordinates"":[-49.271190197414,-25.428906334648]}","280","NOSSA SRA. DE NAZARÉ","CONVENCIONAL","AMARELA","S"
101017,"Novo mobiliário","Praça Tiradentes - 280 - Nossa Senhora de Nazaré","{""type"":""Point"",""coordinates"":[-49.271190197414,-25.428906334648]}","280","NOSSA SRA. DE NAZARÉ","CONVENCIONAL","AMARELA","S"
101018,"Novo mobiliário","Praça Tiradentes - 181 - Mateus Leme","{""type"":""Point"",""coordinates"":[-49.271145940966,-25.428752515113]}","181","MATEUS LEME","CONVENCIONAL","AMARELA","S"
101018,"Novo mobiliário","Praça Tiradentes - 181 - Mateus Leme","{""type"":""Point"",""coordinates"":[-49.271145940966,-25.428752515113]}","181","MATEUS LEME","CONVENCIONAL","AMARELA","S"
101019,"Novo mobiliário","Praça Tiradentes  - 184 - Vila Suíça","{""type"":""Point"",""coordinates"":[-49.271118968848,-25.428670154967]}","184","V. SUIÇA","CONVENCIONAL","AMARELA","S"
101019,"Novo mobiliário","Praça Tiradentes  - 184 - Vila Suíça","{""type"":""Point"",""coordinates"":[-49.271118968848,-25.428670154967]}","184","V. SUIÇA","CONVENCIONAL","AMARELA","S"
101020,"Novo mobiliário","Praça Tiradentes - 183 - Jardim Chaparral","{""type"":""Point"",""coordinates"":[-49.271115095562,-25.428609596]}","183","JD. CHAPARRAL","CONVENCIONAL","AMARELA","N"
101020,"Novo mobiliário","Praça Tiradentes - 183 - Jardim Chaparral","{""type"":""Point"",""coordinates"":[-49.271115095562,-25.428609596]}","183","JD. CHAPARRAL","CONVENCIONAL","AMARELA","N"
101021,"Novo mobiliário","Praça Tiradentes - 182 - Abranches","{""type"":""Point"",""coordinates"":[-49.271081567949,-25.42848121089]}","182","ABRANCHES","TRONCAL","AMARELA","N"
101021,"Novo mobiliário","Praça Tiradentes - 182 - Abranches","{""type"":""Point"",""coordinates"":[-49.271081567949,-25.42848121089]}","182","ABRANCHES","TRONCAL","AMARELA","N"
101022,"Especial Madrugueiro","Praça Tiradentes - 189 - Mad. Abranches","{""type"":""Point"",""coordinates"":[-49.271328002214,-25.430049414542]}","189","MAD. ABRANCHES","MADRUGUEIRO","MADRUGUEIRO","N"
101121,"Domus","Nestor de Castro - 901 - Santa Felicidade","{""type"":""Point"",""coordinates"":[-49.273006265878,-25.428421853753]}","901","STA. FELICIDADE","TRONCAL","AMARELA","N"
101121,"Domus","Nestor de Castro - 901 - Santa Felicidade","{""type"":""Point"",""coordinates"":[-49.273006265878,-25.428421853753]}","989","MAD. STA. FELICIDADE","MADRUGUEIRO","MADRUGUEIRO","N"
101121,"Domus","Nestor de Castro - 901 - Santa Felicidade","{""type"":""Point"",""coordinates"":[-49.273006265878,-25.428421853753]}","901","STA. FELICIDADE","TRONCAL","AMARELA","N"
101122,"Domus","Nestor de Castro - 972 - Jardim itália","{""type"":""Point"",""coordinates"":[-49.272862767696,-25.4283721953]}","972","JD. ITÁLIA","TRONCAL","AMARELA","F"
101122,"Domus","Nestor de Castro - 972 - Jardim itália","{""type"":""Point"",""coordinates"":[-49.272862767696,-25.4283721953]}","972","JD. ITÁLIA","TRONCAL","AMARELA","F"
101123,"Novo mobiliário","Nestor de Castro - 168 - Raposo Tavares","{""type"":""Point"",""coordinates"":[-49.272749225882,-25.428339629041]}","168","RAPOSO TAVARES","CONVENCIONAL","AMARELA","F"
101123,"Novo mobiliário","Nestor de Castro - 168 - Raposo Tavares","{""type"":""Point"",""coordinates"":[-49.272749225882,-25.428339629041]}","168","RAPOSO TAVARES","CONVENCIONAL","AMARELA","F"
101124,"Especial Madrugueiro","Nestor de Castro - 167 - Fredolim Wolf","{""type"":""Point"",""coordinates"":[-49.272607068804,-25.428300871199]}","167","FREDOLIN WOLF","CONVENCIONAL","AMARELA","S"
101124,"Especial Madrugueiro","Nestor de Castro - 167 - Fredolim Wolf","{""type"":""Point"",""coordinates"":[-49.272607068804,-25.428300871199]}","167","FREDOLIN WOLF","CONVENCIONAL","AMARELA","S"
101126,"Novo mobiliário","Nestor de Castro - 170 - Bracatinga","{""type"":""Point"",""coordinates"":[-49.272499115414,-25.428254719843]}","170","BRACATINGA","CONVENCIONAL","AMARELA","N"
101126,"Novo mobiliário","Nestor de Castro - 170 - Bracatinga","{""type"":""Point"",""coordinates"":[-49.272499115414,-25.428254719843]}","170","BRACATINGA","CONVENCIONAL","AMARELA","N"
101127,"Novo mobiliário","Nestor de Castro - 171 - Primavera","{""type"":""Point"",""coordinates"":[-49.272399203128,-25.428223229075]}","171","PRIMAVERA","CONVENCIONAL","AMARELA","N"
101127,"Novo mobiliário","Nestor de Castro - 171 - Primavera","{""type"":""Point"",""coordinates"":[-49.272399203128,-25.428223229075]}","171","PRIMAVERA","CONVENCIONAL","AMARELA","N"
101128,"Novo mobiliário","Nestor de Castro - 169 - Jd. Kosmos","{""type"":""Point"",""coordinates"":[-49.272275150962,-25.428178462348]}","169","JD. KOSMOS","CONVENCIONAL","AMARELA","F"
101128,"Novo mobiliário","Nestor de Castro - 169 - Jd. Kosmos","{""type"":""Point"",""coordinates"":[-49.272275150962,-25.428178462348]}","169","JD. KOSMOS","CONVENCIONAL","AMARELA","F"
101129,"Novo mobiliário","Nestor de Castro - 176 - Nilo Peçanha","{""type"":""Point"",""coordinates"":[-49.271933169312,-25.428087576443]}","176","NILO PEÇANHA","CONVENCIONAL","AMARELA","S"
101129,"Novo mobiliário","Nestor de Castro - 176 - Nilo Peçanha","{""type"":""Point"",""coordinates"":[-49.271933169312,-25.428087576443]}","176","NILO PEÇANHA","CONVENCIONAL","AMARELA","S"
101131,"Novo mobiliário","Travessa. Nestor de Castro - Centro","{""type"":""Point"",""coordinates"":[-49.271696557684,-25.428057764996]}","165","UNIVERSIDADES","CONVENCIONAL","AMARELA","S"
101131,"Novo mobiliário","Travessa. Nestor de Castro - Centro","{""type"":""Point"",""coordinates"":[-49.271696557684,-25.428057764996]}","164","R.PRADO/C.GOMES","CONVENCIONAL","AMARELA","S"
101131,"Novo mobiliário","Travessa. Nestor de Castro - Centro","{""type"":""Point"",""coordinates"":[-49.271696557684,-25.428057764996]}","160","JD. MERCÊS / GUANABARA","CONVENCIONAL","AMARELA","N"
101131,"Novo mobiliário","Travessa. Nestor de Castro - Centro","{""type"":""Point"",""coordinates"":[-49.271696557684,-25.428057764996]}","175","BOM RETIRO / PUC","CONVENCIONAL","AMARELA","F"
101161,"Novo mobiliário","Trav. Moreira Garcês - 205 - Barreirinha","{""type"":""Point"",""coordinates"":[-49.270883084482,-25.42843881955]}","205","BARREIRINHA","TRONCAL","AMARELA","N"
101161,"Novo mobiliário","Trav. Moreira Garcês - 205 - Barreirinha","{""type"":""Point"",""coordinates"":[-49.270883084482,-25.42843881955]}","205","BARREIRINHA","TRONCAL","AMARELA","N"
101162,"Novo mobiliário","Trav. Moreira Garcês - 274 - Santa Gema","{""type"":""Point"",""coordinates"":[-49.270704717583,-25.428573260605]}","274","STA. GEMA","CONVENCIONAL","AMARELA","S"
101162,"Novo mobiliário","Trav. Moreira Garcês - 274 - Santa Gema","{""type"":""Point"",""coordinates"":[-49.270704717583,-25.428573260605]}","274","STA. GEMA","CONVENCIONAL","AMARELA","S"
101163,"Novo mobiliário","Trav. Moreira Garcês - 270 - Fernando de Noronha","{""type"":""Point"",""coordinates"":[-49.270649732298,-25.428624130155]}","270","FERNANDO DE NORONHA","CONVENCIONAL","AMARELA","S"
101163,"Novo mobiliário","Trav. Moreira Garcês - 270 - Fernando de Noronha","{""type"":""Point"",""coordinates"":[-49.270649732298,-25.428624130155]}","270","FERNANDO DE NORONHA","CONVENCIONAL","AMARELA","S"
101164,"Novo mobiliário","Trav. Moreira Garcês -271 - Laranjeiras","{""type"":""Point"",""coordinates"":[-49.27068594212,-25.428619285437]}","271","LARANJEIRAS","CONVENCIONAL","AMARELA","S"
101164,"Novo mobiliário","Trav. Moreira Garcês -271 - Laranjeiras","{""type"":""Point"",""coordinates"":[-49.27068594212,-25.428619285437]}","271","LARANJEIRAS","CONVENCIONAL","AMARELA","S"
101166,"Novo mobiliário","Trav. Moreira Garcês - 272 - Paineiras","{""type"":""Point"",""coordinates"":[-49.270588041491,-25.428693167367]}","272","PAINEIRAS","CONVENCIONAL","AMARELA","S"
101166,"Novo mobiliário","Trav. Moreira Garcês - 272 - Paineiras","{""type"":""Point"",""coordinates"":[-49.270588041491,-25.428693167367]}","272","PAINEIRAS","CONVENCIONAL","AMARELA","S"
101167,"Novo mobiliário","Trav. Moreira Garcês - 266 - Estribo Ahú","{""type"":""Point"",""coordinates"":[-49.270628274626,-25.428656831997]}","266","ESTRIBO AHÚ","CONVENCIONAL","AMARELA","S"
101167,"Novo mobiliário","Trav. Moreira Garcês - 266 - Estribo Ahú","{""type"":""Point"",""coordinates"":[-49.270628274626,-25.428656831997]}","266","ESTRIBO AHÚ","CONVENCIONAL","AMARELA","S"
102001,"Novo mobiliário","Praça Rui Barbosa - 666 - Novo Mundo","{""type"":""Point"",""coordinates"":[-49.274486810976,-25.43588731128]}","788","MAD. V. VELHA","MADRUGUEIRO","MADRUGUEIRO","N"
102001,"Novo mobiliário","Praça Rui Barbosa - 666 - Novo Mundo","{""type"":""Point"",""coordinates"":[-49.274486810976,-25.43588731128]}","666","NOVO MUNDO","CONVENCIONAL","AMARELA","S"
102001,"Novo mobiliário","Praça Rui Barbosa - 666 - Novo Mundo","{""type"":""Point"",""coordinates"":[-49.274486810976,-25.43588731128]}","666","NOVO MUNDO","CONVENCIONAL","AMARELA","S"
102002,"Novo mobiliário","Praça Rui Barbosa - 663 - V. Cubas","{""type"":""Point"",""coordinates"":[-49.274266869836,-25.435758933924]}","663","V. CUBAS","CONVENCIONAL","AMARELA","N"
102002,"Novo mobiliário","Praça Rui Barbosa - 663 - V. Cubas","{""type"":""Point"",""coordinates"":[-49.274266869836,-25.435758933924]}","663","V. CUBAS","CONVENCIONAL","AMARELA","N"
102003,"Novo mobiliário","Praça Rui Barbosa - 662 - Dom Ático","{""type"":""Point"",""coordinates"":[-49.274100572877,-25.435662045263]}","662","DOM ÁTICO","CONVENCIONAL","AMARELA","S"
102003,"Novo mobiliário","Praça Rui Barbosa - 662 - Dom Ático","{""type"":""Point"",""coordinates"":[-49.274100572877,-25.435662045263]}","662","DOM ÁTICO","CONVENCIONAL","AMARELA","S"
102004,"Novo mobiliário","Praça Rui Barbosa - 661 - Lindóia","{""type"":""Point"",""coordinates"":[-49.273982555681,-25.435574845401]}","661","LINDÓIA","CONVENCIONAL","AMARELA","S"
102004,"Novo mobiliário","Praça Rui Barbosa - 661 - Lindóia","{""type"":""Point"",""coordinates"":[-49.273982555681,-25.435574845401]}","661","LINDÓIA","CONVENCIONAL","AMARELA","S"
102005,"Novo mobiliário","Praça Rui Barbosa - 665 - Vila Rex","{""type"":""Point"",""coordinates"":[-49.273869902902,-25.435492489918]}","665","V. REX","CONVENCIONAL","AMARELA","N"
102005,"Novo mobiliário","Praça Rui Barbosa - 665 - Vila Rex","{""type"":""Point"",""coordinates"":[-49.273869902902,-25.435492489918]}","665","V. REX","CONVENCIONAL","AMARELA","N"
102006,"Novo mobiliário","Praça Rui Barbosa - 561 - Guilhermina","{""type"":""Point"",""coordinates"":[-49.273730428033,-25.435434356602]}","561","GUILHERMINA","CONVENCIONAL","AMARELA","N"
102006,"Novo mobiliário","Praça Rui Barbosa - 561 - Guilhermina","{""type"":""Point"",""coordinates"":[-49.273730428033,-25.435434356602]}","561","GUILHERMINA","CONVENCIONAL","AMARELA","N"
102007,"Novo mobiliário","Praça Rui Barbosa - 160 - Jd.Mercês / Guanabara","{""type"":""Point"",""coordinates"":[-49.273590953164,-25.435376223258]}","160","JD. MERCÊS / GUANABARA","CONVENCIONAL","AMARELA","N"
102008,"Novo mobiliário","Praça Rui Barbosa - 776 - Carmela Dutra","{""type"":""Point"",""coordinates"":[-49.273462207132,-25.435318089886]}","776","CARMELA DUTRA","CONVENCIONAL","AMARELA","N"
102008,"Novo mobiliário","Praça Rui Barbosa - 776 - Carmela Dutra","{""type"":""Point"",""coordinates"":[-49.273462207132,-25.435318089886]}","776","CARMELA DUTRA","CONVENCIONAL","AMARELA","N"
102009,"Novo mobiliário","Praça Rui Barbosa - 777 - V. Velha / 788-Mad. V. Velha","{""type"":""Point"",""coordinates"":[-49.273338825517,-25.435279334289]}","788","MAD. V. VELHA","MADRUGUEIRO","MADRUGUEIRO","N"
102009,"Novo mobiliário","Praça Rui Barbosa - 777 - V. Velha / 788-Mad. V. Velha","{""type"":""Point"",""coordinates"":[-49.273338825517,-25.435279334289]}","777","V. VELHA","CONVENCIONAL","AMARELA","N"
102009,"Novo mobiliário","Praça Rui Barbosa - 777 - V. Velha / 788-Mad. V. Velha","{""type"":""Point"",""coordinates"":[-49.273338825517,-25.435279334289]}","777","V. VELHA","CONVENCIONAL","AMARELA","N"
102010,"Novo mobiliário","Praça Rui Barbosa - 778 - Cotolengo","{""type"":""Point"",""coordinates"":[-49.273236901574,-25.43522120087]}","778","COTOLENGO","TRONCAL","AMARELA","N"
102010,"Novo mobiliário","Praça Rui Barbosa - 778 - Cotolengo","{""type"":""Point"",""coordinates"":[-49.273236901574,-25.43522120087]}","778","COTOLENGO","TRONCAL","AMARELA","N"
102010,"Novo mobiliário","Praça Rui Barbosa - 778 - Cotolengo","{""type"":""Point"",""coordinates"":[-49.273236901574,-25.43522120087]}","776","CARMELA DUTRA","CONVENCIONAL","AMARELA","N"
102010,"Novo mobiliário","Praça Rui Barbosa - 778 - Cotolengo","{""type"":""Point"",""coordinates"":[-49.273236901574,-25.43522120087]}","776","CARMELA DUTRA","CONVENCIONAL","AMARELA","N"
102010,"Novo mobiliário","Praça Rui Barbosa - 778 - Cotolengo","{""type"":""Point"",""coordinates"":[-49.273236901574,-25.43522120087]}","776","CARMELA DUTRA","CONVENCIONAL","AMARELA","N"
102011,"Novo mobiliário","Praça Rui Barbosa - 762 - Vila Rosinha","{""type"":""Point"",""coordinates"":[-49.27300354939,-25.435117045091]}","762","V. ROSINHA","CONVENCIONAL","AMARELA","S"
102011,"Novo mobiliário","Praça Rui Barbosa - 762 - Vila Rosinha","{""type"":""Point"",""coordinates"":[-49.27300354939,-25.435117045091]}","762","V. ROSINHA","CONVENCIONAL","AMARELA","S"
102012,"Novo mobiliário","Praça Rui Barbosa - 761 - Vila Izabel","{""type"":""Point"",""coordinates"":[-49.272818476968,-25.435056489364]}","189","MAD. ABRANCHES","MADRUGUEIRO","MADRUGUEIRO","N"
102012,"Novo mobiliário","Praça Rui Barbosa - 761 - Vila Izabel","{""type"":""Point"",""coordinates"":[-49.272818476968,-25.435056489364]}","761","V. IZABEL","CONVENCIONAL","AMARELA","S"
102012,"Novo mobiliário","Praça Rui Barbosa - 761 - Vila Izabel","{""type"":""Point"",""coordinates"":[-49.272818476968,-25.435056489364]}","189","MAD. ABRANCHES","MADRUGUEIRO","MADRUGUEIRO","N"
102012,"Novo mobiliário","Praça Rui Barbosa - 761 - Vila Izabel","{""type"":""Point"",""coordinates"":[-49.272818476968,-25.435056489364]}","761","V. IZABEL","CONVENCIONAL","AMARELA","S"
102013,"Novo mobiliário","Praça Rui Barbosa - 760 - Santa Quitéria","{""type"":""Point"",""coordinates"":[-49.272625357919,-25.43497897799]}","760","STA. QUITÉRIA","CONVENCIONAL","AMARELA","S"
102013,"Novo mobiliário","Praça Rui Barbosa - 760 - Santa Quitéria","{""type"":""Point"",""coordinates"":[-49.272625357919,-25.43497897799]}","760","STA. QUITÉRIA","CONVENCIONAL","AMARELA","S"
102014,"Novo mobiliário","Praça Rui Barbosa - 360 - Novena","{""type"":""Point"",""coordinates"":[-49.273891360574,-25.435377754163]}","360","NOVENA","CONVENCIONAL","AMARELA","N"
102014,"Novo mobiliário","Praça Rui Barbosa - 360 - Novena","{""type"":""Point"",""coordinates"":[-49.273891360574,-25.435377754163]}","360","NOVENA","CONVENCIONAL","AMARELA","N"
102015,"Novo mobiliário","Praça Rui Barbosa - 701 - Fazendinha","{""type"":""Point"",""coordinates"":[-49.272330314928,-25.434867555301]}","701","FAZENDINHA","TRONCAL","AMARELA","N"
102015,"Novo mobiliário","Praça Rui Barbosa - 701 - Fazendinha","{""type"":""Point"",""coordinates"":[-49.272330314928,-25.434867555301]}","701","FAZENDINHA","TRONCAL","AMARELA","N"
102016,"Novo mobiliário","Praça Rui Barbosa - 703 - Caiuá","{""type"":""Point"",""coordinates"":[-49.272209615522,-25.434806999449]}","789","MAD. CAIUÁ","MADRUGUEIRO","MADRUGUEIRO","N"
102016,"Novo mobiliário","Praça Rui Barbosa - 703 - Caiuá","{""type"":""Point"",""coordinates"":[-49.272209615522,-25.434806999449]}","703","CAIUÁ","TRONCAL","AMARELA","N"
102016,"Novo mobiliário","Praça Rui Barbosa - 703 - Caiuá","{""type"":""Point"",""coordinates"":[-49.272209615522,-25.434806999449]}","706","CAIUA/FAZ/CENTRO","TRONCAL","AMARELA","N"
102016,"Novo mobiliário","Praça Rui Barbosa - 703 - Caiuá","{""type"":""Point"",""coordinates"":[-49.272209615522,-25.434806999449]}","703","CAIUÁ","TRONCAL","AMARELA","N"
102016,"Novo mobiliário","Praça Rui Barbosa - 703 - Caiuá","{""type"":""Point"",""coordinates"":[-49.272209615522,-25.434806999449]}","789","MAD. CAIUÁ","MADRUGUEIRO","MADRUGUEIRO","N"
102016,"Novo mobiliário","Praça Rui Barbosa - 703 - Caiuá","{""type"":""Point"",""coordinates"":[-49.272209615522,-25.434806999449]}","706","CAIUA/FAZ/CENTRO","TRONCAL","AMARELA","N"
102016,"Novo mobiliário","Praça Rui Barbosa - 703 - Caiuá","{""type"":""Point"",""coordinates"":[-49.272209615522,-25.434806999449]}","706","CAIUA/FAZ/CENTRO","TRONCAL","AMARELA","N"
102016,"Novo mobiliário","Praça Rui Barbosa - 703 - Caiuá","{""type"":""Point"",""coordinates"":[-49.272209615522,-25.434806999449]}","706","CAIUA/FAZ/CENTRO","TRONCAL","AMARELA","N"
102016,"Novo mobiliário","Praça Rui Barbosa - 703 - Caiuá","{""type"":""Point"",""coordinates"":[-49.272209615522,-25.434806999449]}","706","CAIUA/FAZ/CENTRO","TRONCAL","AMARELA","N"
102016,"Novo mobiliário","Praça Rui Barbosa - 703 - Caiuá","{""type"":""Point"",""coordinates"":[-49.272209615522,-25.434806999449]}","706","CAIUA/FAZ/CENTRO","TRONCAL","AMARELA","N"
102016,"Novo mobiliário","Praça Rui Barbosa - 703 - Caiuá","{""type"":""Point"",""coordinates"":[-49.272209615522,-25.434806999449]}","706","CAIUA/FAZ/CENTRO","TRONCAL","AMARELA","N"
102017,"Novo mobiliário","Praça Rui Barbosa - 560 - Alferes Poli","{""type"":""Point"",""coordinates"":[-49.271937371306,-25.434941433399]}","560","ALFERES POLI","CONVENCIONAL","AMARELA","S"
102017,"Novo mobiliário","Praça Rui Barbosa - 560 - Alferes Poli","{""type"":""Point"",""coordinates"":[-49.271937371306,-25.434941433399]}","560","ALFERES POLI","CONVENCIONAL","AMARELA","S"
102018,"Novo mobiliário","Praça Rui Barbosa - 470 - Guabirotuba","{""type"":""Point"",""coordinates"":[-49.271877021603,-25.435068600512]}","470","GUABIROTUBA","CONVENCIONAL","AMARELA","S"
102018,"Novo mobiliário","Praça Rui Barbosa - 470 - Guabirotuba","{""type"":""Point"",""coordinates"":[-49.271877021603,-25.435068600512]}","470","GUABIROTUBA","CONVENCIONAL","AMARELA","S"
102019,"Novo mobiliário","Praça Rui Barbosa - 475 - Canal Belém","{""type"":""Point"",""coordinates"":[-49.271812648587,-25.435187289696]}","475","CANAL BELÉM","CONVENCIONAL","AMARELA","N"
102019,"Novo mobiliário","Praça Rui Barbosa - 475 - Canal Belém","{""type"":""Point"",""coordinates"":[-49.271812648587,-25.435187289696]}","475","CANAL BELÉM","CONVENCIONAL","AMARELA","N"
102020,"Novo mobiliário","Praça Rui Barbosa - 468 - Jd Centauro","{""type"":""Point"",""coordinates"":[-49.27177777987,-25.435289023189]}","468","JD. CENTAURO","CONVENCIONAL","AMARELA","N"
102020,"Novo mobiliário","Praça Rui Barbosa - 468 - Jd Centauro","{""type"":""Point"",""coordinates"":[-49.27177777987,-25.435289023189]}","468","JD. CENTAURO","CONVENCIONAL","AMARELA","N"
102021,"Novo mobiliário","Praça Rui Barbosa - 474 - Jd Itiberê","{""type"":""Point"",""coordinates"":[-49.271721453481,-25.435384701039]}","474","JD. ITIBERÊ","CONVENCIONAL","AMARELA","N"
102021,"Novo mobiliário","Praça Rui Barbosa - 474 - Jd Itiberê","{""type"":""Point"",""coordinates"":[-49.271721453481,-25.435384701039]}","474","JD. ITIBERÊ","CONVENCIONAL","AMARELA","N"
102022,"Novo mobiliário","Praça Rui Barbosa - 471 - Vila São Paulo","{""type"":""Point"",""coordinates"":[-49.271662444882,-25.435521556566]}","471","V. SÃO PAULO","CONVENCIONAL","AMARELA","N"
102022,"Novo mobiliário","Praça Rui Barbosa - 471 - Vila São Paulo","{""type"":""Point"",""coordinates"":[-49.271662444882,-25.435521556566]}","471","V. SÃO PAULO","CONVENCIONAL","AMARELA","N"
102023,"Novo mobiliário","Praça Rui Barbosa - 467 - Vila Macedo","{""type"":""Point"",""coordinates"":[-49.271615506225,-25.435626923104]}","467","V. MACEDO","CONVENCIONAL","AMARELA","S"
102023,"Novo mobiliário","Praça Rui Barbosa - 467 - Vila Macedo","{""type"":""Point"",""coordinates"":[-49.271615506225,-25.435626923104]}","467","V. MACEDO","CONVENCIONAL","AMARELA","S"
102024,"Novo mobiliário","Praça Rui Barbosa - 472 - Uberaba","{""type"":""Point"",""coordinates"":[-49.271563203149,-25.435743189522]}","188","MAD. PILARZINHO / UBERABA","MADRUGUEIRO","MADRUGUEIRO","N"
102024,"Novo mobiliário","Praça Rui Barbosa - 472 - Uberaba","{""type"":""Point"",""coordinates"":[-49.271563203149,-25.435743189522]}","472","UBERABA","CONVENCIONAL","AMARELA","N"
102024,"Novo mobiliário","Praça Rui Barbosa - 472 - Uberaba","{""type"":""Point"",""coordinates"":[-49.271563203149,-25.435743189522]}","188","MAD. PILARZINHO / UBERABA","MADRUGUEIRO","MADRUGUEIRO","N"
102024,"Novo mobiliário","Praça Rui Barbosa - 472 - Uberaba","{""type"":""Point"",""coordinates"":[-49.271563203149,-25.435743189522]}","472","UBERABA","CONVENCIONAL","AMARELA","N"
102025,"Novo mobiliário","Praça Rui Barbosa - 365 - Jd Social/Batel  /  370-Rua XV / Barigui","{""type"":""Point"",""coordinates"":[-49.272614629083,-25.436444418977]}","365","JD. SOCIAL / BATEL","CONVENCIONAL","AMARELA","S"
102025,"Novo mobiliário","Praça Rui Barbosa - 365 - Jd Social/Batel  /  370-Rua XV / Barigui","{""type"":""Point"",""coordinates"":[-49.272614629083,-25.436444418977]}","389","MAD. TARUMÃ / AUGUSTA","MADRUGUEIRO","MADRUGUEIRO","N"
102025,"Novo mobiliário","Praça Rui Barbosa - 365 - Jd Social/Batel  /  370-Rua XV / Barigui","{""type"":""Point"",""coordinates"":[-49.272614629083,-25.436444418977]}","370","RUA XV / BARIGUI","CONVENCIONAL","AMARELA","N"
102026,"Novo mobiliário","Praça Rui Barbosa - 165 - Universidades - 180 - Água Verde/Abranches - 285 - Juvevê/Água Verde","{""type"":""Point"",""coordinates"":[-49.272802383714,-25.436527028414]}","165","UNIVERSIDADES","CONVENCIONAL","AMARELA","S"
102026,"Novo mobiliário","Praça Rui Barbosa - 165 - Universidades - 180 - Água Verde/Abranches - 285 - Juvevê/Água Verde","{""type"":""Point"",""coordinates"":[-49.272802383714,-25.436527028414]}","285","JUVEVÊ / ÁGUA VERDE","CONVENCIONAL","AMARELA","S"
102026,"Novo mobiliário","Praça Rui Barbosa - 165 - Universidades - 180 - Água Verde/Abranches - 285 - Juvevê/Água Verde","{""type"":""Point"",""coordinates"":[-49.272802383714,-25.436527028414]}","180","ÁGUA VERDE/ ABRANCHES","CONVENCIONAL","AMARELA","N"
102027,"Novo mobiliário","Praça Rui Barbosa - 385 - Cristo Rei","{""type"":""Point"",""coordinates"":[-49.273029030375,-25.436612761883]}","385","CRISTO REI","CONVENCIONAL","AMARELA","S"
102027,"Novo mobiliário","Praça Rui Barbosa - 385 - Cristo Rei","{""type"":""Point"",""coordinates"":[-49.273029030375,-25.436612761883]}","385","CRISTO REI","CONVENCIONAL","AMARELA","S"
102028,"Novo mobiliário","Praça Rui Barbosa - 671 - Portão","{""type"":""Point"",""coordinates"":[-49.273804188781,-25.436659994742]}","671","PORTÃO","CONVENCIONAL","AMARELA","S"
102028,"Novo mobiliário","Praça Rui Barbosa - 671 - Portão","{""type"":""Point"",""coordinates"":[-49.273804188781,-25.436659994742]}","671","PORTÃO","CONVENCIONAL","AMARELA","S"
102028,"Novo mobiliário","Praça Rui Barbosa - 671 - Portão","{""type"":""Point"",""coordinates"":[-49.273804188781,-25.436659994742]}","689","MAD. S. PEDRO / R. NEGRO","MADRUGUEIRO","MADRUGUEIRO","N"
102029,"Novo mobiliário","Praça Rui Barbosa - 673 - Formosa","{""type"":""Point"",""coordinates"":[-49.273995966726,-25.436732660643]}","673","FORMOSA","CONVENCIONAL","AMARELA","S"
102029,"Novo mobiliário","Praça Rui Barbosa - 673 - Formosa","{""type"":""Point"",""coordinates"":[-49.273995966726,-25.436732660643]}","673","FORMOSA","CONVENCIONAL","AMARELA","S"
102030,"Novo mobiliário","Praça Rui Barbosa - 674 - Nsa. Sra. Da Luz","{""type"":""Point"",""coordinates"":[-49.274183721357,-25.436806537598]}","674","NSA. SRA. DA LUZ","CONVENCIONAL","AMARELA","N"
102030,"Novo mobiliário","Praça Rui Barbosa - 674 - Nsa. Sra. Da Luz","{""type"":""Point"",""coordinates"":[-49.274183721357,-25.436806537598]}","674","NSA. SRA. DA LUZ","CONVENCIONAL","AMARELA","N"
102031,"Novo mobiliário","Praça Rui Barbosa - 860 - Vila Sandra","{""type"":""Point"",""coordinates"":[-49.274457306676,-25.436801693209]}","860","V. SANDRA","CONVENCIONAL","AMARELA","N"
102031,"Novo mobiliário","Praça Rui Barbosa - 860 - Vila Sandra","{""type"":""Point"",""coordinates"":[-49.274457306676,-25.436801693209]}","609","MAD. CIC","MADRUGUEIRO","MADRUGUEIRO","N"
102031,"Novo mobiliário","Praça Rui Barbosa - 860 - Vila Sandra","{""type"":""Point"",""coordinates"":[-49.274457306676,-25.436801693209]}","860","V. SANDRA","CONVENCIONAL","AMARELA","N"
102031,"Novo mobiliário","Praça Rui Barbosa - 860 - Vila Sandra","{""type"":""Point"",""coordinates"":[-49.274457306676,-25.436801693209]}","609","MAD. CIC","MADRUGUEIRO","MADRUGUEIRO","N"
102031,"Novo mobiliário","Praça Rui Barbosa - 860 - Vila Sandra","{""type"":""Point"",""coordinates"":[-49.274457306676,-25.436801693209]}","609","MAD. CIC","MADRUGUEIRO","MADRUGUEIRO","N"
102031,"Novo mobiliário","Praça Rui Barbosa - 860 - Vila Sandra","{""type"":""Point"",""coordinates"":[-49.274457306676,-25.436801693209]}","609","MAD. CIC","MADRUGUEIRO","MADRUGUEIRO","N"
102032,"Novo mobiliário","Praça Rui Barbosa - 861 - Tramontina","{""type"":""Point"",""coordinates"":[-49.274535090738,-25.436623661775]}","861","TRAMONTINA","CONVENCIONAL","AMARELA","S"
102032,"Novo mobiliário","Praça Rui Barbosa - 861 - Tramontina","{""type"":""Point"",""coordinates"":[-49.274535090738,-25.436623661775]}","861","TRAMONTINA","CONVENCIONAL","AMARELA","S"
102033,"Novo mobiliário","Praça Rui Barbosa - 670 - São Jorge","{""type"":""Point"",""coordinates"":[-49.274620921426,-25.436437152371]}","670","SÃO JORGE","CONVENCIONAL","AMARELA","S"
102033,"Novo mobiliário","Praça Rui Barbosa - 670 - São Jorge","{""type"":""Point"",""coordinates"":[-49.274620921426,-25.436437152371]}","609","MAD. CIC","MADRUGUEIRO","MADRUGUEIRO","N"
102033,"Novo mobiliário","Praça Rui Barbosa - 670 - São Jorge","{""type"":""Point"",""coordinates"":[-49.274620921426,-25.436437152371]}","609","MAD. CIC","MADRUGUEIRO","MADRUGUEIRO","N"
102033,"Novo mobiliário","Praça Rui Barbosa - 670 - São Jorge","{""type"":""Point"",""coordinates"":[-49.274620921426,-25.436437152371]}","670","SÃO JORGE","CONVENCIONAL","AMARELA","S"
102034,"Novo mobiliário","Praça Rui Barbosa, 632 - Centro","{""type"":""Point"",""coordinates"":[-49.274807334953,-25.435714122928]}","001","CIRCULAR CENTRO (HORÁRIO)","CIRCULAR CENTRO","BRANCA","S"
102035,"Novo mobiliário","Praça Rui Barbosa - 285 - Juvevê / Água Verde","{""type"":""Point"",""coordinates"":[-49.273523897939,-25.435186078583]}","285","JUVEVÊ / ÁGUA VERDE","CONVENCIONAL","AMARELA","S"
102036,"Novo mobiliário","Praça Rui Barbosa - 180 - Água Verde/Abranches","{""type"":""Point"",""coordinates"":[-49.273320050054,-25.435106145063]}","180","ÁGUA VERDE/ ABRANCHES","CONVENCIONAL","AMARELA","N"
102037,"Novo mobiliário","Praça Rui Barbosa - 265 - Ahú Los Angeles / 289-Mad.Jd.Graziela","{""type"":""Point"",""coordinates"":[-49.27314034205,-25.43503105595]}","265","AHÚ / LOS ANGELES","CONVENCIONAL","AMARELA","S"
102038,"Novo mobiliário","Praça Rui Barbosa - 387 - Palotinos","{""type"":""Point"",""coordinates"":[-49.272982091718,-25.434963233486]}","387","PALOTINOS","CONVENCIONAL","AMARELA","S"
102038,"Novo mobiliário","Praça Rui Barbosa - 387 - Palotinos","{""type"":""Point"",""coordinates"":[-49.272982091718,-25.434963233486]}","387","PALOTINOS","CONVENCIONAL","AMARELA","S"
102039,"Novo mobiliário","Praça Rui Barbosa - 465 - Erasto Gaetner","{""type"":""Point"",""coordinates"":[-49.272738010698,-25.434871188651]}","889","MAD. SÃO BRÁZ","MADRUGUEIRO","MADRUGUEIRO","N"
102039,"Novo mobiliário","Praça Rui Barbosa - 465 - Erasto Gaetner","{""type"":""Point"",""coordinates"":[-49.272738010698,-25.434871188651]}","465","ERASTO  GAERTNER","CONVENCIONAL","AMARELA","N"
102039,"Novo mobiliário","Praça Rui Barbosa - 465 - Erasto Gaetner","{""type"":""Point"",""coordinates"":[-49.272738010698,-25.434871188651]}","889","MAD. SÃO BRÁZ","MADRUGUEIRO","MADRUGUEIRO","N"
102039,"Novo mobiliário","Praça Rui Barbosa - 465 - Erasto Gaetner","{""type"":""Point"",""coordinates"":[-49.272738010698,-25.434871188651]}","465","ERASTO  GAERTNER","CONVENCIONAL","AMARELA","N"
102040,"Novo mobiliário","Praça Rui Barbosa - 461 - Santa Bárbara","{""type"":""Point"",""coordinates"":[-49.272469789796,-25.434760976981]}","461","STA. BARBARA","CONVENCIONAL","AMARELA","S"
102040,"Novo mobiliário","Praça Rui Barbosa - 461 - Santa Bárbara","{""type"":""Point"",""coordinates"":[-49.272469789796,-25.434760976981]}","461","STA. BARBARA","CONVENCIONAL","AMARELA","S"
102041,"Novo mobiliário","Praça Rui Barbosa - 462 - Petrópolis","{""type"":""Point"",""coordinates"":[-49.272335679345,-25.434700421075]}","462","PETRÓPOLIS","CONVENCIONAL","AMARELA","N"
102041,"Novo mobiliário","Praça Rui Barbosa - 462 - Petrópolis","{""type"":""Point"",""coordinates"":[-49.272335679345,-25.434700421075]}","462","PETRÓPOLIS","CONVENCIONAL","AMARELA","N"
102041,"Novo mobiliário","Praça Rui Barbosa - 462 - Petrópolis","{""type"":""Point"",""coordinates"":[-49.272335679345,-25.434700421075]}","462","PETRÓPOLIS","CONVENCIONAL","AMARELA","N"
102041,"Novo mobiliário","Praça Rui Barbosa - 462 - Petrópolis","{""type"":""Point"",""coordinates"":[-49.272335679345,-25.434700421075]}","462","PETRÓPOLIS","CONVENCIONAL","AMARELA","N"
102042,"Especial Madrugueiro","Praça Rui Barbosa - 989 - Madrugueiro Santa Felicidade","{""type"":""Point"",""coordinates"":[-49.273102283478,-25.435160423167]}","989","MAD. STA. FELICIDADE","MADRUGUEIRO","MADRUGUEIRO","N"
102042,"Especial Madrugueiro","Praça Rui Barbosa - 989 - Madrugueiro Santa Felicidade","{""type"":""Point"",""coordinates"":[-49.273102283478,-25.435160423167]}","989","MAD. STA. FELICIDADE","MADRUGUEIRO","MADRUGUEIRO","N"
102043,"Especial Madrugueiro","Praça Rui Barbosa - 638 - Mad Pinheirinho","{""type"":""Point"",""coordinates"":[-49.273520708084,-25.436303709165]}","608","MAD. PINHEIRINHO","MADRUGUEIRO","MADRUGUEIRO","N"
102043,"Especial Madrugueiro","Praça Rui Barbosa - 638 - Mad Pinheirinho","{""type"":""Point"",""coordinates"":[-49.273520708084,-25.436303709165]}","608","MAD. PINHEIRINHO","MADRUGUEIRO","MADRUGUEIRO","N"
102044,"Especial Madrugueiro","Praça Rui Barbosa - 809 - Mad. Campo Comprido","{""type"":""Point"",""coordinates"":[-49.274628460407,-25.435780511835]}","809","MAD. CAMPO COMPRIDO","MADRUGUEIRO","MADRUGUEIRO","N"
102044,"Especial Madrugueiro","Praça Rui Barbosa - 809 - Mad. Campo Comprido","{""type"":""Point"",""coordinates"":[-49.274628460407,-25.435780511835]}","809","MAD. CAMPO COMPRIDO","MADRUGUEIRO","MADRUGUEIRO","N"
102045,"Especial Madrugueiro","Praça Rui Barbosa - 309 - Mad. Centenári","{""type"":""Point"",""coordinates"":[-49.274824261666,-25.436036055259]}","309","MAD. CENTENÁRIO","MADRUGUEIRO","MADRUGUEIRO","N"
102045,"Especial Madrugueiro","Praça Rui Barbosa - 309 - Mad. Centenári","{""type"":""Point"",""coordinates"":[-49.274824261666,-25.436036055259]}","309","MAD. CENTENÁRIO","MADRUGUEIRO","MADRUGUEIRO","N"
102046,"Especial Madrugueiro","Praça Rui Barbosa - 308 - Mad. Centenário","{""type"":""Point"",""coordinates"":[-49.274792075157,-25.436084499449]}","308","MAD. CENTENÁRIO / RUI BARBOSA","MADRUGUEIRO","MADRUGUEIRO","N"
102046,"Especial Madrugueiro","Praça Rui Barbosa - 308 - Mad. Centenário","{""type"":""Point"",""coordinates"":[-49.274792075157,-25.436084499449]}","308","MAD. CENTENÁRIO / RUI BARBOSA","MADRUGUEIRO","MADRUGUEIRO","N"
102241,"Novo mobiliário","Rua José Loureiro - 464 - A. Munhoz / Jd. Botânico","{""type"":""Point"",""coordinates"":[-49.272350252813,-25.43354020745]}","464","A. MUNHOZ / J. BOTÂNICO","CONVENCIONAL","AMARELA","S"
103003,"Novo mobiliário","Praça 19 de Dezembro - 002 - Circular Centro","{""type"":""Point"",""coordinates"":[-49.269560755438,-25.425255792902]}","002","CIRCULAR CENTRO (ANTI-HORÁRIO)","CIRCULAR CENTRO","BRANCA","S"
103003,"Novo mobiliário","Praça 19 de Dezembro - 002 - Circular Centro","{""type"":""Point"",""coordinates"":[-49.269560755438,-25.425255792902]}","002","CIRCULAR CENTRO (ANTI-HORÁRIO)","CIRCULAR CENTRO","BRANCA","S"
103004,"Novo mobiliário","Praça 19 de dezembro - 466 - Estudantes","{""type"":""Point"",""coordinates"":[-49.269543321079,-25.425189992512]}","466","ESTUDANTES","CONVENCIONAL","AMARELA","S"
103004,"Novo mobiliário","Praça 19 de dezembro - 466 - Estudantes","{""type"":""Point"",""coordinates"":[-49.269543321079,-25.425189992512]}","466","ESTUDANTES","CONVENCIONAL","AMARELA","S"
103004,"Novo mobiliário","Praça 19 de dezembro - 466 - Estudantes","{""type"":""Point"",""coordinates"":[-49.269543321079,-25.425189992512]}","466","ESTUDANTES","CONVENCIONAL","AMARELA","S"
103004,"Novo mobiliário","Praça 19 de dezembro - 466 - Estudantes","{""type"":""Point"",""coordinates"":[-49.269543321079,-25.425189992512]}","466","ESTUDANTES","CONVENCIONAL","AMARELA","S"
103008,"Especial Madrugueiro","Praça 19 de Dezembro, 521 - Centro","{""type"":""Point"",""coordinates"":[-49.269560426474,-25.425266428363]}","189","MAD. ABRANCHES","MADRUGUEIRO","MADRUGUEIRO","N"
103155,"Novo mobiliário","Av. Cândido de Abreu, 51  - Centro Cívico","{""type"":""Point"",""coordinates"":[-49.270048917478,-25.423600052884]}","180","ÁGUA VERDE/ ABRANCHES","CONVENCIONAL","AMARELA","N"
103155,"Novo mobiliário","Av. Cândido de Abreu, 51  - Centro Cívico","{""type"":""Point"",""coordinates"":[-49.270048917478,-25.423600052884]}","280","NOSSA SRA. DE NAZARÉ","CONVENCIONAL","AMARELA","S"
103155,"Novo mobiliário","Av. Cândido de Abreu, 51  - Centro Cívico","{""type"":""Point"",""coordinates"":[-49.270048917478,-25.423600052884]}","181","MATEUS LEME","CONVENCIONAL","AMARELA","S"
103155,"Novo mobiliário","Av. Cândido de Abreu, 51  - Centro Cívico","{""type"":""Point"",""coordinates"":[-49.270048917478,-25.423600052884]}","285","JUVEVÊ / ÁGUA VERDE","CONVENCIONAL","AMARELA","S"
103155,"Novo mobiliário","Av. Cândido de Abreu, 51  - Centro Cívico","{""type"":""Point"",""coordinates"":[-49.270048917478,-25.423600052884]}","182","ABRANCHES","TRONCAL","AMARELA","N"
103155,"Novo mobiliário","Av. Cândido de Abreu, 51  - Centro Cívico","{""type"":""Point"",""coordinates"":[-49.270048917478,-25.423600052884]}","189","MAD. ABRANCHES","MADRUGUEIRO","MADRUGUEIRO","N"
103155,"Novo mobiliário","Av. Cândido de Abreu, 51  - Centro Cívico","{""type"":""Point"",""coordinates"":[-49.270048917478,-25.423600052884]}","183","JD. CHAPARRAL","CONVENCIONAL","AMARELA","N"
103155,"Novo mobiliário","Av. Cândido de Abreu, 51  - Centro Cívico","{""type"":""Point"",""coordinates"":[-49.270048917478,-25.423600052884]}","270","FERNANDO DE NORONHA","CONVENCIONAL","AMARELA","S"
103155,"Novo mobiliário","Av. Cândido de Abreu, 51  - Centro Cívico","{""type"":""Point"",""coordinates"":[-49.270048917478,-25.423600052884]}","266","ESTRIBO AHÚ","CONVENCIONAL","AMARELA","S"
103155,"Novo mobiliário","Av. Cândido de Abreu, 51  - Centro Cívico","{""type"":""Point"",""coordinates"":[-49.270048917478,-25.423600052884]}","184","V. SUIÇA","CONVENCIONAL","AMARELA","S"
103155,"Novo mobiliário","Av. Cândido de Abreu, 51  - Centro Cívico","{""type"":""Point"",""coordinates"":[-49.270048917478,-25.423600052884]}","274","STA. GEMA","CONVENCIONAL","AMARELA","S"
103155,"Novo mobiliário","Av. Cândido de Abreu, 51  - Centro Cívico","{""type"":""Point"",""coordinates"":[-49.270048917478,-25.423600052884]}","272","PAINEIRAS","CONVENCIONAL","AMARELA","S"
103155,"Novo mobiliário","Av. Cândido de Abreu, 51  - Centro Cívico","{""type"":""Point"",""coordinates"":[-49.270048917478,-25.423600052884]}","205","BARREIRINHA","TRONCAL","AMARELA","N"
103155,"Novo mobiliário","Av. Cândido de Abreu, 51  - Centro Cívico","{""type"":""Point"",""coordinates"":[-49.270048917478,-25.423600052884]}","260","MAL. HERMES / STA. EFIGÊNIA","CONVENCIONAL","AMARELA","S"
103155,"Novo mobiliário","Av. Cândido de Abreu, 51  - Centro Cívico","{""type"":""Point"",""coordinates"":[-49.270048917478,-25.423600052884]}","265","AHÚ / LOS ANGELES","CONVENCIONAL","AMARELA","S"
103155,"Novo mobiliário","Av. Cândido de Abreu, 51  - Centro Cívico","{""type"":""Point"",""coordinates"":[-49.270048917478,-25.423600052884]}","271","LARANJEIRAS","CONVENCIONAL","AMARELA","S"
103194,"Novo mobiliário","Rua José de Oliveira Franco, 1942 - Bairro Alto","{""type"":""Point"",""coordinates"":[-49.204796136564,-25.415861256104]}","030","INTERBAIRROS III","INTERBAIRROS","VERDE","N"
103194,"Novo mobiliário","Rua José de Oliveira Franco, 1942 - Bairro Alto","{""type"":""Point"",""coordinates"":[-49.204796136564,-25.415861256104]}","373","ALTO TARUMÃ","TRONCAL","AMARELA","N"
103194,"Novo mobiliário","Rua José de Oliveira Franco, 1942 - Bairro Alto","{""type"":""Point"",""coordinates"":[-49.204796136564,-25.415861256104]}","375","SAGRADO CORAÇÃO","TRONCAL","AMARELA","N"
103195,"Novo mobiliário","Rua José de Oliveira Franco, 1941 - Bairro Alto","{""type"":""Point"",""coordinates"":[-49.204687507099,-25.415742547887]}","030","INTERBAIRROS III","INTERBAIRROS","VERDE","N"
103195,"Novo mobiliário","Rua José de Oliveira Franco, 1941 - Bairro Alto","{""type"":""Point"",""coordinates"":[-49.204687507099,-25.415742547887]}","373","ALTO TARUMÃ","TRONCAL","AMARELA","N"
103195,"Novo mobiliário","Rua José de Oliveira Franco, 1941 - Bairro Alto","{""type"":""Point"",""coordinates"":[-49.204687507099,-25.415742547887]}","375","SAGRADO CORAÇÃO","TRONCAL","AMARELA","N"
103201,"Novo mobiliário","Praça Carlos Gomes - 365 - Jd. Social / Batel","{""type"":""Point"",""coordinates"":[-49.27076640839,-25.433020631525]}","365","JD. SOCIAL / BATEL","CONVENCIONAL","AMARELA","S"
103202,"Novo mobiliário","Praça Carlos Gomes - 370-Rua XV / Barigui","{""type"":""Point"",""coordinates"":[-49.270719469732,-25.432998831087]}","370","RUA XV / BARIGUI","CONVENCIONAL","AMARELA","N"
103203,"Novo mobiliário","Praça Carlos Gomes - 372 - Tarumã","{""type"":""Point"",""coordinates"":[-49.270525009579,-25.432935852023]}","372","TARUMÃ","TRONCAL","AMARELA","N"
103203,"Novo mobiliário","Praça Carlos Gomes - 372 - Tarumã","{""type"":""Point"",""coordinates"":[-49.270525009579,-25.432935852023]}","372","TARUMÃ","TRONCAL","AMARELA","N"
103205,"Novo mobiliário","Praça Carlos Gomes - 373 - Alto Tarumã","{""type"":""Point"",""coordinates"":[-49.270401627964,-25.432889828841]}","373","ALTO TARUMÃ","TRONCAL","AMARELA","N"
103205,"Novo mobiliário","Praça Carlos Gomes - 373 - Alto Tarumã","{""type"":""Point"",""coordinates"":[-49.270401627964,-25.432889828841]}","373","ALTO TARUMÃ","TRONCAL","AMARELA","N"
103206,"Novo mobiliário","Praça Carlos Gomes - 386-Cajuru","{""type"":""Point"",""coordinates"":[-49.27027556414,-25.432848650189]}","386","CAJURU","CONVENCIONAL","AMARELA","S"
103206,"Novo mobiliário","Praça Carlos Gomes - 386-Cajuru","{""type"":""Point"",""coordinates"":[-49.27027556414,-25.432848650189]}","386","CAJURU","CONVENCIONAL","AMARELA","S"
103207,"Novo mobiliário","Praça Carlos Gomes - 463-Solitude","{""type"":""Point"",""coordinates"":[-49.270181686825,-25.432814738347]}","463","SOLITUDE","CONVENCIONAL","AMARELA","N"
103207,"Novo mobiliário","Praça Carlos Gomes - 463-Solitude","{""type"":""Point"",""coordinates"":[-49.270181686825,-25.432814738347]}","463","SOLITUDE","CONVENCIONAL","AMARELA","N"
103242,"Novo mobiliário","Rua José Loureiro - 160-Jd. Mercês / Guanabara","{""type"":""Point"",""coordinates"":[-49.272244305557,-25.433505084673]}","160","JD. MERCÊS / GUANABARA","CONVENCIONAL","AMARELA","N"
103243,"Novo mobiliário","Rua José Loureiro - 175-Bom Retiro / PUC","{""type"":""Point"",""coordinates"":[-49.272047163195,-25.433406983068]}","188","MAD. PILARZINHO / UBERABA","MADRUGUEIRO","MADRUGUEIRO","N"
103243,"Novo mobiliário","Rua José Loureiro - 175-Bom Retiro / PUC","{""type"":""Point"",""coordinates"":[-49.272047163195,-25.433406983068]}","175","BOM RETIRO / PUC","CONVENCIONAL","AMARELA","F"
103244,"Domus","Rua José Loureiro - 389 - Madrugueiro Tarumã / Augusta","{""type"":""Point"",""coordinates"":[-49.270474531707,-25.432913331797]}","389","MAD. TARUMÃ / AUGUSTA","MADRUGUEIRO","MADRUGUEIRO","N"
103245,"Novo mobiliário","Rua José Loureiro - 165-Universidades","{""type"":""Point"",""coordinates"":[-49.272159160041,-25.433451794922]}","165","UNIVERSIDADES","CONVENCIONAL","AMARELA","S"
103271,"Novo mobiliário","Marechal Floriano Peixoto - 160 - Marechal Hermes / Santa Efigênia","{""type"":""Point"",""coordinates"":[-49.270962209648,-25.432753900975]}","188","MAD. PILARZINHO / UBERABA","MADRUGUEIRO","MADRUGUEIRO","N"
103271,"Novo mobiliário","Marechal Floriano Peixoto - 160 - Marechal Hermes / Santa Efigênia","{""type"":""Point"",""coordinates"":[-49.270962209648,-25.432753900975]}","989","MAD. STA. FELICIDADE","MADRUGUEIRO","MADRUGUEIRO","N"
103271,"Novo mobiliário","Marechal Floriano Peixoto - 160 - Marechal Hermes / Santa Efigênia","{""type"":""Point"",""coordinates"":[-49.270962209648,-25.432753900975]}","260","MAL. HERMES / STA. EFIGÊNIA","CONVENCIONAL","AMARELA","S"
103271,"Novo mobiliário","Marechal Floriano Peixoto - 160 - Marechal Hermes / Santa Efigênia","{""type"":""Point"",""coordinates"":[-49.270962209648,-25.432753900975]}","260","MAL. HERMES / STA. EFIGÊNIA","CONVENCIONAL","AMARELA","S"
103272,"Novo mobiliário","Marechal Floriano Peixoto - 265 - Ahú / los Angeles","{""type"":""Point"",""coordinates"":[-49.271034629292,-25.432601297492]}","265","AHÚ / LOS ANGELES","CONVENCIONAL","AMARELA","S"
103273,"Novo mobiliário","Marechal Floriano Peixoto - 285 - Juvevê / Água Verde","{""type"":""Point"",""coordinates"":[-49.271074862427,-25.432487450323]}","285","JUVEVÊ / ÁGUA VERDE","CONVENCIONAL","AMARELA","S"
103274,"Novo mobiliário","Marechal Floriano Peixoto - 180 - Água Verde / Abranches","{""type"":""Point"",""coordinates"":[-49.271107048935,-25.432385714464]}","180","ÁGUA VERDE/ ABRANCHES","CONVENCIONAL","AMARELA","N"
103276,"Novo mobiliário","Av. Mal. Floriano Peixoto - 160 - Jd. Mercês / Guanabara","{""type"":""Point"",""coordinates"":[-49.271540719959,-25.431664303612]}","160","JD. MERCÊS / GUANABARA","CONVENCIONAL","AMARELA","N"
103277,"Novo mobiliário","Av. Mal. Floriano Peixoto - 175 - Bom Retiro / PUC","{""type"":""Point"",""coordinates"":[-49.271588505453,-25.431562135301]}","175","BOM RETIRO / PUC","CONVENCIONAL","AMARELA","F"
103278,"Novo mobiliário","Av. Mal. Floriano Peixoto - 165 - Universidades","{""type"":""Point"",""coordinates"":[-49.271674729546,-25.431392303248]}","164","R.PRADO/C.GOMES","CONVENCIONAL","AMARELA","S"
103278,"Novo mobiliário","Av. Mal. Floriano Peixoto - 165 - Universidades","{""type"":""Point"",""coordinates"":[-49.271674729546,-25.431392303248]}","164","R.PRADO/C.GOMES","CONVENCIONAL","AMARELA","S"
103278,"Novo mobiliário","Av. Mal. Floriano Peixoto - 165 - Universidades","{""type"":""Point"",""coordinates"":[-49.271674729546,-25.431392303248]}","165","UNIVERSIDADES","CONVENCIONAL","AMARELA","S"
103303,"Novo mobiliário","Praça Osório - 207 -Cabral / Osório","{""type"":""Point"",""coordinates"":[-49.276453985285,-25.433027310274]}","207","CABRAL / OSÓRIO","TRONCAL","AMARELA","N"
103303,"Novo mobiliário","Praça Osório - 207 -Cabral / Osório","{""type"":""Point"",""coordinates"":[-49.276453985285,-25.433027310274]}","366","ITUPAVA / HOSP. MILITAR","CONVENCIONAL","AMARELA","S"
103303,"Novo mobiliário","Praça Osório - 207 -Cabral / Osório","{""type"":""Point"",""coordinates"":[-49.276453985285,-25.433027310274]}","207","CABRAL / OSÓRIO","TRONCAL","AMARELA","N"
103303,"Novo mobiliário","Praça Osório - 207 -Cabral / Osório","{""type"":""Point"",""coordinates"":[-49.276453985285,-25.433027310274]}","380","DETRAN / VIC. MACHADO","CONVENCIONAL","AMARELA","N"
103402,"Novo mobiliário","Praça Santos Andrade - 393 - Capão da Imbuia / Parque Barigui","{""type"":""Point"",""coordinates"":[-49.267047808178,-25.428599687647]}","393","C. IMBUIA / PQ. BARIGUI","CONVENCIONAL","AMARELA","S"
103403,"Novo mobiliário","Praça Santos Andrade - 374 - Hugo Lange","{""type"":""Point"",""coordinates"":[-49.266673357433,-25.42845547217]}","374","HUGO LANGE","TRONCAL","AMARELA","N"
103403,"Novo mobiliário","Praça Santos Andrade - 374 - Hugo Lange","{""type"":""Point"",""coordinates"":[-49.266673357433,-25.42845547217]}","374","HUGO LANGE","TRONCAL","AMARELA","N"
103404,"Novo mobiliário","Praça Santos Andrade - 360 - Novena - 361 - Augusto Stresser","{""type"":""Point"",""coordinates"":[-49.26684501881,-25.428513608854]}","361","AUGUSTO STRESSER","CONVENCIONAL","AMARELA","S"
103404,"Novo mobiliário","Praça Santos Andrade - 360 - Novena - 361 - Augusto Stresser","{""type"":""Point"",""coordinates"":[-49.26684501881,-25.428513608854]}","361","AUGUSTO STRESSER","CONVENCIONAL","AMARELA","S"
103404,"Novo mobiliário","Praça Santos Andrade - 360 - Novena - 361 - Augusto Stresser","{""type"":""Point"",""coordinates"":[-49.26684501881,-25.428513608854]}","360","NOVENA","CONVENCIONAL","AMARELA","N"
103405,"Novo mobiliário","Praça Santos Andrade - 341 - Higienópolis","{""type"":""Point"",""coordinates"":[-49.266501696056,-25.428382801276]}","371","HIGIENÓPOLIS","TRONCAL","AMARELA","N"
103405,"Novo mobiliário","Praça Santos Andrade - 341 - Higienópolis","{""type"":""Point"",""coordinates"":[-49.266501696056,-25.428382801276]}","371","HIGIENÓPOLIS","TRONCAL","AMARELA","N"
103406,"Novo mobiliário","Praça Santos Andrade - 375 - Sagrado Coração","{""type"":""Point"",""coordinates"":[-49.266369209297,-25.428323538349]}","375","SAGRADO CORAÇÃO","TRONCAL","AMARELA","N"
103406,"Novo mobiliário","Praça Santos Andrade - 375 - Sagrado Coração","{""type"":""Point"",""coordinates"":[-49.266369209297,-25.428323538349]}","375","SAGRADO CORAÇÃO","TRONCAL","AMARELA","N"
103407,"Novo mobiliário","Praça Santos Andrade - 380 - Detran/Vicente Machado - 366 - Itupava/Hospital Militar","{""type"":""Point"",""coordinates"":[-49.266261920936,-25.428277513404]}","366","ITUPAVA / HOSP. MILITAR","CONVENCIONAL","AMARELA","S"
103407,"Novo mobiliário","Praça Santos Andrade - 380 - Detran/Vicente Machado - 366 - Itupava/Hospital Militar","{""type"":""Point"",""coordinates"":[-49.266261920936,-25.428277513404]}","380","DETRAN / VIC. MACHADO","CONVENCIONAL","AMARELA","N"
103501,"Novo mobiliário","Praça Zacarias - 380-Detran/Vicente Machado","{""type"":""Point"",""coordinates"":[-49.272776724047,-25.432663065592]}","380","DETRAN / VIC. MACHADO","CONVENCIONAL","AMARELA","N"
103502,"Novo mobiliário","Praça Zacarias - 366 - Itupava / Hospital Militar - 393 - C. Imbuia / Parque Barigui","{""type"":""Point"",""coordinates"":[-49.272639931387,-25.43257223014]}","393","C. IMBUIA / PQ. BARIGUI","CONVENCIONAL","AMARELA","S"
103502,"Novo mobiliário","Praça Zacarias - 366 - Itupava / Hospital Militar - 393 - C. Imbuia / Parque Barigui","{""type"":""Point"",""coordinates"":[-49.272639931387,-25.43257223014]}","366","ITUPAVA / HOSP. MILITAR","CONVENCIONAL","AMARELA","S"
103502,"Novo mobiliário","Praça Zacarias - 366 - Itupava / Hospital Militar - 393 - C. Imbuia / Parque Barigui","{""type"":""Point"",""coordinates"":[-49.272639931387,-25.43257223014]}","389","MAD. TARUMÃ / AUGUSTA","MADRUGUEIRO","MADRUGUEIRO","N"
103503,"Novo mobiliário","Praça Zacarias - 370-Rua XV / Barigui - 360-Novena - 365-Jardim Social/Batel","{""type"":""Point"",""coordinates"":[-49.272501797623,-25.432498350589]}","365","JD. SOCIAL / BATEL","CONVENCIONAL","AMARELA","S"
103503,"Novo mobiliário","Praça Zacarias - 370-Rua XV / Barigui - 360-Novena - 365-Jardim Social/Batel","{""type"":""Point"",""coordinates"":[-49.272501797623,-25.432498350589]}","360","NOVENA","CONVENCIONAL","AMARELA","N"
103503,"Novo mobiliário","Praça Zacarias - 370-Rua XV / Barigui - 360-Novena - 365-Jardim Social/Batel","{""type"":""Point"",""coordinates"":[-49.272501797623,-25.432498350589]}","370","RUA XV / BARIGUI","CONVENCIONAL","AMARELA","N"
103504,"Novo mobiliário","Praça Osório - 393-C. Imbuia/Parque Barigui","{""type"":""Point"",""coordinates"":[-49.276313216633,-25.43287069202]}","393","C. IMBUIA / PQ. BARIGUI","CONVENCIONAL","AMARELA","S"
103504,"Novo mobiliário","Praça Osório - 393-C. Imbuia/Parque Barigui","{""type"":""Point"",""coordinates"":[-49.276313216633,-25.43287069202]}","889","MAD. SÃO BRÁZ","MADRUGUEIRO","MADRUGUEIRO","N"
103505,"Novo mobiliário","Praça Gen. Osório, 389 - Centro","{""type"":""Point"",""coordinates"":[-49.276558638757,-25.433122323438]}","360","NOVENA","CONVENCIONAL","AMARELA","N"
103505,"Novo mobiliário","Praça Gen. Osório, 389 - Centro","{""type"":""Point"",""coordinates"":[-49.276558638757,-25.433122323438]}","001","CIRCULAR CENTRO (HORÁRIO)","CIRCULAR CENTRO","BRANCA","S"
103506,"Novo mobiliário","Praça Santos Andrade - 001 - Circular Centro (Horário)","{""type"":""Point"",""coordinates"":[-49.267110557502,-25.42861777034]}","001","CIRCULAR CENTRO (HORÁRIO)","CIRCULAR CENTRO","BRANCA","S"
103506,"Novo mobiliário","Praça Santos Andrade - 001 - Circular Centro (Horário)","{""type"":""Point"",""coordinates"":[-49.267110557502,-25.42861777034]}","001","CIRCULAR CENTRO (HORÁRIO)","CIRCULAR CENTRO","BRANCA","S"
104001,"Plataforma","Terminal Bairro Alto - 030 - Interbairros III","{""type"":""Point"",""coordinates"":[-49.20568,-25.41314]}","030","INTERBAIRROS III","INTERBAIRROS","VERDE","N"
104002,"Plataforma","Terminal Bairro Alto - 374 - Hugo Lange","{""type"":""Point"",""coordinates"":[-49.20553,-25.41308]}","374","HUGO LANGE","TRONCAL","AMARELA","N"
104002,"Plataforma","Terminal Bairro Alto - 374 - Hugo Lange","{""type"":""Point"",""coordinates"":[-49.20553,-25.41308]}","374","HUGO LANGE","TRONCAL","AMARELA","N"
104003,"Plataforma","Terminal Bairro Alto - 372 - Tarumã","{""type"":""Point"",""coordinates"":[-49.20538,-25.41303]}","372","TARUMÃ","TRONCAL","AMARELA","N"
104003,"Plataforma","Terminal Bairro Alto - 372 - Tarumã","{""type"":""Point"",""coordinates"":[-49.20538,-25.41303]}","372","TARUMÃ","TRONCAL","AMARELA","N"
104004,"Plataforma","Terminal Bairro Alto - 341 - Bairro Alto / Santa Cândida","{""type"":""Point"",""coordinates"":[-49.20525,-25.41301]}","341","B. ALTO / STA. CÂNDIDA","ALIMENTADOR","LARANJA","N"
104004,"Plataforma","Terminal Bairro Alto - 341 - Bairro Alto / Santa Cândida","{""type"":""Point"",""coordinates"":[-49.20525,-25.41301]}","341","B. ALTO / STA. CÂNDIDA","ALIMENTADOR","LARANJA","N"
104005,"Plataforma","Terminal Bairro Alto - 342 - Bairro Alto / Boa Vista","{""type"":""Point"",""coordinates"":[-49.20507,-25.41291]}","342","B. ALTO / BOA VISTA","ALIMENTADOR","LARANJA","N"
104005,"Plataforma","Terminal Bairro Alto - 342 - Bairro Alto / Boa Vista","{""type"":""Point"",""coordinates"":[-49.20507,-25.41291]}","342","B. ALTO / BOA VISTA","ALIMENTADOR","LARANJA","N"
104006,"Plataforma","Terminal Bairro Alto - 030 - Interbairros III","{""type"":""Point"",""coordinates"":[-49.20506,-25.41282]}","030","INTERBAIRROS III","INTERBAIRROS","VERDE","N"
104009,"Plataforma","Terminal Bairro Alto - 375 - Sagrado Coração","{""type"":""Point"",""coordinates"":[-49.20531,-25.41292]}","375","SAGRADO CORAÇÃO","TRONCAL","AMARELA","N"
104009,"Plataforma","Terminal Bairro Alto - 375 - Sagrado Coração","{""type"":""Point"",""coordinates"":[-49.20531,-25.41292]}","375","SAGRADO CORAÇÃO","TRONCAL","AMARELA","N"
104010,"Plataforma","Terminal Bairro Alto - 373 - Alto Tarumã","{""type"":""Point"",""coordinates"":[-49.20538,-25.41296]}","373","ALTO TARUMÃ","TRONCAL","AMARELA","N"
104010,"Plataforma","Terminal Bairro Alto - 373 - Alto Tarumã","{""type"":""Point"",""coordinates"":[-49.20538,-25.41296]}","373","ALTO TARUMÃ","TRONCAL","AMARELA","N"
104011,"Plataforma","Terminal Bairro Alto - 371 - Higienópolis","{""type"":""Point"",""coordinates"":[-49.20551,-25.41299]}","371","HIGIENÓPOLIS","TRONCAL","AMARELA","N"
104011,"Plataforma","Terminal Bairro Alto - 371 - Higienópolis","{""type"":""Point"",""coordinates"":[-49.20551,-25.41299]}","371","HIGIENÓPOLIS","TRONCAL","AMARELA","N"
104013,"Plataforma","Terminal Bairro Alto - 343 - Paraíso","{""type"":""Point"",""coordinates"":[-49.20572,-25.41306]}","343","PARAÍSO","ALIMENTADOR","LARANJA","S"
104013,"Plataforma","Terminal Bairro Alto - 343 - Paraíso","{""type"":""Point"",""coordinates"":[-49.20572,-25.41306]}","343","PARAÍSO","ALIMENTADOR","LARANJA","S"
104101,"Plataforma","Terminal Barreirinha - 218 - Tamandaré / Cabral - 215-Cabral / Cachoeira","{""type"":""Point"",""coordinates"":[-49.262270704264,-25.377418235125]}","245","REFORÇO ANITA GARIBALDI","ALIMENTADOR","LARANJA","N"
104102,"Plataforma","Terminal Barreirinha - 218 - Tamandaré / Cabral - 215 - Cabral/Cachoeira","{""type"":""Point"",""coordinates"":[-49.262434319014,-25.377314029425]}","245","REFORÇO ANITA GARIBALDI","ALIMENTADOR","LARANJA","N"
104103,"Plataforma","Terminal Barreirinha - 205 - Barreirinha","{""type"":""Point"",""coordinates"":[-49.262396768088,-25.377660573614]}","205","BARREIRINHA","TRONCAL","AMARELA","N"
104103,"Plataforma","Terminal Barreirinha - 205 - Barreirinha","{""type"":""Point"",""coordinates"":[-49.262396768088,-25.377660573614]}","205","BARREIRINHA","TRONCAL","AMARELA","N"
104104,"Plataforma","Terminal Barreirinha - 244 - Jardim do Arroio","{""type"":""Point"",""coordinates"":[-49.262415543551,-25.377481243178]}","244","JD. DO ARROIO","ALIMENTADOR","LARANJA","S"
104104,"Plataforma","Terminal Barreirinha - 244 - Jardim do Arroio","{""type"":""Point"",""coordinates"":[-49.262415543551,-25.377481243178]}","244","JD. DO ARROIO","ALIMENTADOR","LARANJA","S"
104105,"Plataforma","Terminal Barreirinha - 225 - Boa Vista / Barreirinha","{""type"":""Point"",""coordinates"":[-49.262522831912,-25.377196086551]}","225","BOA VISTA / BARREIRINHA","ALIMENTADOR","LARANJA","N"
104105,"Plataforma","Terminal Barreirinha - 225 - Boa Vista / Barreirinha","{""type"":""Point"",""coordinates"":[-49.262522831912,-25.377196086551]}","225","BOA VISTA / BARREIRINHA","ALIMENTADOR","LARANJA","N"
104107,"Plataforma","Terminal Barreirinha - 182 - Abranches","{""type"":""Point"",""coordinates"":[-49.262504056448,-25.377370979063]}","182","ABRANCHES","TRONCAL","AMARELA","N"
104107,"Plataforma","Terminal Barreirinha - 182 - Abranches","{""type"":""Point"",""coordinates"":[-49.262504056448,-25.377370979063]}","182","ABRANCHES","TRONCAL","AMARELA","N"
104109,"Plataforma","Terminal Barreirinha - 242 - Vila Leonice","{""type"":""Point"",""coordinates"":[-49.262483939881,-25.377564849969]}","242","V. LEONICE","ALIMENTADOR","LARANJA","F"
104109,"Plataforma","Terminal Barreirinha - 242 - Vila Leonice","{""type"":""Point"",""coordinates"":[-49.262483939881,-25.377564849969]}","242","V. LEONICE","ALIMENTADOR","LARANJA","F"
104110,"Plataforma","Terminal Barreirinha - 243 - Santa Terezinha","{""type"":""Point"",""coordinates"":[-49.262474552149,-25.377675113908]}","243","STA. TEREZINHA","ALIMENTADOR","LARANJA","F"
104110,"Plataforma","Terminal Barreirinha - 243 - Santa Terezinha","{""type"":""Point"",""coordinates"":[-49.262474552149,-25.377675113908]}","243","STA. TEREZINHA","ALIMENTADOR","LARANJA","F"
104201,"Plataforma","Terminal Boa Vista - 203 - Sta. Cândida C. Raso","{""type"":""Point"",""coordinates"":[-49.24061637,-25.39351746]}","203","STA. CÂNDIDA / C. RASO","EXPRESSO","VERMELHA","N"
104202,"Plataforma","Terminal Boa Vista - 203 - Sta. Cândida C. Raso","{""type"":""Point"",""coordinates"":[-49.24063428764,-25.39366084452]}","203","STA. CÂNDIDA / C. RASO","EXPRESSO","VERMELHA","N"
104203,"Plataforma","Terminal Boa Vista - 342 - Bairro Alto/Boa Vista","{""type"":""Point"",""coordinates"":[-49.240916705523,-25.393374230673]}","342","B. ALTO / BOA VISTA","ALIMENTADOR","LARANJA","N"
104203,"Plataforma","Terminal Boa Vista - 342 - Bairro Alto/Boa Vista","{""type"":""Point"",""coordinates"":[-49.240916705523,-25.393374230673]}","342","B. ALTO / BOA VISTA","ALIMENTADOR","LARANJA","N"
104205,"Plataforma","Terminal Boa Vista - 222 - Vila Esperança","{""type"":""Point"",""coordinates"":[-49.241172069941,-25.393203307563]}","222","V. ESPERANÇA","ALIMENTADOR","LARANJA","N"
104205,"Plataforma","Terminal Boa Vista - 222 - Vila Esperança","{""type"":""Point"",""coordinates"":[-49.241172069941,-25.393203307563]}","222","V. ESPERANÇA","ALIMENTADOR","LARANJA","N"
104206,"Plataforma","Terminal Boa Vista - 225 - Boa Vista/Barreirinha","{""type"":""Point"",""coordinates"":[-49.241135101852,-25.39315155792]}","225","BOA VISTA / BARREIRINHA","ALIMENTADOR","LARANJA","N"
104206,"Plataforma","Terminal Boa Vista - 225 - Boa Vista/Barreirinha","{""type"":""Point"",""coordinates"":[-49.241135101852,-25.39315155792]}","225","BOA VISTA / BARREIRINHA","ALIMENTADOR","LARANJA","N"
104207,"Plataforma","Terminal Boa Vista - 226 - Abaeté","{""type"":""Point"",""coordinates"":[-49.240988775463,-25.393259115553]}","226","ABAETÉ","ALIMENTADOR","LARANJA","N"
104207,"Plataforma","Terminal Boa Vista - 226 - Abaeté","{""type"":""Point"",""coordinates"":[-49.240988775463,-25.393259115553]}","226","ABAETÉ","ALIMENTADOR","LARANJA","N"
104208,"Plataforma","Terminal Boa Vista - 224 - Cassiopéia","{""type"":""Point"",""coordinates"":[-49.240889387732,-25.393337884661]}","224","CASSIOPÉIA","ALIMENTADOR","LARANJA","S"
104208,"Plataforma","Terminal Boa Vista - 224 - Cassiopéia","{""type"":""Point"",""coordinates"":[-49.240889387732,-25.393337884661]}","224","CASSIOPÉIA","ALIMENTADOR","LARANJA","S"
104301,"Plataforma","Terminal Boqueirão - 502 - Circular Sul (H)","{""type"":""Point"",""coordinates"":[-49.230300314985,-25.51661831653]}","502","CIRCULAR SUL (HORÁRIO)","EXPRESSO","VERMELHA","N"
104301,"Plataforma","Terminal Boqueirão - 502 - Circular Sul (H)","{""type"":""Point"",""coordinates"":[-49.230300314985,-25.51661831653]}","X12","ESPECIAL BOQUEIRAO","EXPRESSO","VERMELHA","N"
104301,"Plataforma","Terminal Boqueirão - 502 - Circular Sul (H)","{""type"":""Point"",""coordinates"":[-49.230300314985,-25.51661831653]}","502","CIRCULAR SUL (HORÁRIO)","EXPRESSO","VERMELHA","N"
104301,"Plataforma","Terminal Boqueirão - 502 - Circular Sul (H)","{""type"":""Point"",""coordinates"":[-49.230300314985,-25.51661831653]}","X12","ESPECIAL BOQUEIRAO","EXPRESSO","VERMELHA","N"
104301,"Plataforma","Terminal Boqueirão - 502 - Circular Sul (H)","{""type"":""Point"",""coordinates"":[-49.230300314985,-25.51661831653]}","502","CIRCULAR SUL (HORÁRIO)","EXPRESSO","VERMELHA","N"
104301,"Plataforma","Terminal Boqueirão - 502 - Circular Sul (H)","{""type"":""Point"",""coordinates"":[-49.230300314985,-25.51661831653]}","X12","ESPECIAL BOQUEIRAO","EXPRESSO","VERMELHA","N"
104301,"Plataforma","Terminal Boqueirão - 502 - Circular Sul (H)","{""type"":""Point"",""coordinates"":[-49.230300314985,-25.51661831653]}","502","CIRCULAR SUL (HORÁRIO)","EXPRESSO","VERMELHA","N"
104301,"Plataforma","Terminal Boqueirão - 502 - Circular Sul (H)","{""type"":""Point"",""coordinates"":[-49.230300314985,-25.51661831653]}","X12","ESPECIAL BOQUEIRAO","EXPRESSO","VERMELHA","N"
104301,"Plataforma","Terminal Boqueirão - 502 - Circular Sul (H)","{""type"":""Point"",""coordinates"":[-49.230300314985,-25.51661831653]}","502","CIRCULAR SUL (HORÁRIO)","EXPRESSO","VERMELHA","N"
104302,"Plataforma","Terminal Boqueirão - 500 - Ligeirão Boqueirão","{""type"":""Point"",""coordinates"":[-49.230156716602,-25.516887223754]}","500","LIGEIRAO BOQUEIRAO","LIGEIRÃO","AZUL","N"
104302,"Plataforma","Terminal Boqueirão - 500 - Ligeirão Boqueirão","{""type"":""Point"",""coordinates"":[-49.230156716602,-25.516887223754]}","500","LIGEIRAO BOQUEIRAO","LIGEIRÃO","AZUL","N"
104302,"Plataforma","Terminal Boqueirão - 500 - Ligeirão Boqueirão","{""type"":""Point"",""coordinates"":[-49.230156716602,-25.516887223754]}","500","LIGEIRAO BOQUEIRAO","LIGEIRÃO","AZUL","N"
104302,"Plataforma","Terminal Boqueirão - 500 - Ligeirão Boqueirão","{""type"":""Point"",""coordinates"":[-49.230156716602,-25.516887223754]}","500","LIGEIRAO BOQUEIRAO","LIGEIRÃO","AZUL","N"
104303,"Plataforma","Terminal Boqueirão - 503 - Boqueirão","{""type"":""Point"",""coordinates"":[-49.229834851521,-25.517171753547]}","503","BOQUEIRÃO","EXPRESSO","VERMELHA","N"
104303,"Plataforma","Terminal Boqueirão - 503 - Boqueirão","{""type"":""Point"",""coordinates"":[-49.229834851521,-25.517171753547]}","503","BOQUEIRÃO","EXPRESSO","VERMELHA","N"
104304,"Plataforma","Terminal Boqueirão - 602 - Circular Sul (AH)","{""type"":""Point"",""coordinates"":[-49.2302453297,-25.51645008559]}","602","CIRCULAR SUL  (ANTI-HORÁRIO)","EXPRESSO","VERMELHA","N"
104304,"Plataforma","Terminal Boqueirão - 602 - Circular Sul (AH)","{""type"":""Point"",""coordinates"":[-49.2302453297,-25.51645008559]}","602","CIRCULAR SUL  (ANTI-HORÁRIO)","EXPRESSO","VERMELHA","N"
104304,"Plataforma","Terminal Boqueirão - 602 - Circular Sul (AH)","{""type"":""Point"",""coordinates"":[-49.2302453297,-25.51645008559]}","602","CIRCULAR SUL  (ANTI-HORÁRIO)","EXPRESSO","VERMELHA","N"
104304,"Plataforma","Terminal Boqueirão - 602 - Circular Sul (AH)","{""type"":""Point"",""coordinates"":[-49.2302453297,-25.51645008559]}","602","CIRCULAR SUL  (ANTI-HORÁRIO)","EXPRESSO","VERMELHA","N"
104304,"Plataforma","Terminal Boqueirão - 602 - Circular Sul (AH)","{""type"":""Point"",""coordinates"":[-49.2302453297,-25.51645008559]}","502","CIRCULAR SUL (HORÁRIO)","EXPRESSO","VERMELHA","N"
104304,"Plataforma","Terminal Boqueirão - 602 - Circular Sul (AH)","{""type"":""Point"",""coordinates"":[-49.2302453297,-25.51645008559]}","602","CIRCULAR SUL  (ANTI-HORÁRIO)","EXPRESSO","VERMELHA","N"
104304,"Plataforma","Terminal Boqueirão - 602 - Circular Sul (AH)","{""type"":""Point"",""coordinates"":[-49.2302453297,-25.51645008559]}","602","CIRCULAR SUL  (ANTI-HORÁRIO)","EXPRESSO","VERMELHA","N"
104306,"Plataforma","Terminal Boqueirão - 533 - Érico Veríssimo / Pantanal","{""type"":""Point"",""coordinates"":[-49.230654665012,-25.516545991197]}","533","E. VERÍSSIMO / PANTANAL","ALIMENTADOR","LARANJA","N"
104306,"Plataforma","Terminal Boqueirão - 533 - Érico Veríssimo / Pantanal","{""type"":""Point"",""coordinates"":[-49.230654665012,-25.516545991197]}","533","E. VERÍSSIMO / PANTANAL","ALIMENTADOR","LARANJA","N"
104306,"Plataforma","Terminal Boqueirão - 533 - Érico Veríssimo / Pantanal","{""type"":""Point"",""coordinates"":[-49.230654665012,-25.516545991197]}","533","E. VERÍSSIMO / PANTANAL","ALIMENTADOR","LARANJA","N"
104307,"Plataforma","Terminal Boqueirão - 335 - Centenário / Boqueirão","{""type"":""Point"",""coordinates"":[-49.230567872352,-25.51672261758]}","335","CENTENÁRIO / BOQUEIRÃO","ALIMENTADOR","LARANJA","N"
104307,"Plataforma","Terminal Boqueirão - 335 - Centenário / Boqueirão","{""type"":""Point"",""coordinates"":[-49.230567872352,-25.51672261758]}","335","CENTENÁRIO / BOQUEIRÃO","ALIMENTADOR","LARANJA","N"
104308,"Plataforma","Terminal Boqueirão - 534 - Parigot de Souza","{""type"":""Point"",""coordinates"":[-49.230488660049,-25.516896429537]}","534","PARIGOT DE SOUZA","ALIMENTADOR","LARANJA","N"
104308,"Plataforma","Terminal Boqueirão - 534 - Parigot de Souza","{""type"":""Point"",""coordinates"":[-49.230488660049,-25.516896429537]}","534","PARIGOT DE SOUZA","ALIMENTADOR","LARANJA","N"
104309,"Plataforma","Terminal Boqueirão - 515 - Iguape II","{""type"":""Point"",""coordinates"":[-49.230344723873,-25.517127579423]}","515","IGUAPE II","ALIMENTADOR","LARANJA","N"
104309,"Plataforma","Terminal Boqueirão - 515 - Iguape II","{""type"":""Point"",""coordinates"":[-49.230344723873,-25.517127579423]}","515","IGUAPE II","ALIMENTADOR","LARANJA","N"
104310,"Plataforma","Terminal Boqueirão - 535 - Osternack / Boqueirão","{""type"":""Point"",""coordinates"":[-49.230275569277,-25.517281210287]}","535","OSTERNACK / BOQUEIRÃO","ALIMENTADOR","LARANJA","N"
104310,"Plataforma","Terminal Boqueirão - 535 - Osternack / Boqueirão","{""type"":""Point"",""coordinates"":[-49.230275569277,-25.517281210287]}","535","OSTERNACK / BOQUEIRÃO","ALIMENTADOR","LARANJA","N"
104311,"Plataforma","Terminal Boqueirão - 532 - Jd.Paranaense","{""type"":""Point"",""coordinates"":[-49.230198747186,-25.517446369145]}","532","JD. PARANAENSE","ALIMENTADOR","LARANJA","N"
104311,"Plataforma","Terminal Boqueirão - 532 - Jd.Paranaense","{""type"":""Point"",""coordinates"":[-49.230198747186,-25.517446369145]}","532","JD. PARANAENSE","ALIMENTADOR","LARANJA","N"
104313,"Plataforma","Terminal Boqueirão - 536 - ZOOLÓGICO","{""type"":""Point"",""coordinates"":[-49.23051953373,-25.517411195581]}","536","ZOOLÓGICO","ALIMENTADOR","LARANJA","N"
104313,"Plataforma","Terminal Boqueirão - 536 - ZOOLÓGICO","{""type"":""Point"",""coordinates"":[-49.23051953373,-25.517411195581]}","536","ZOOLÓGICO","ALIMENTADOR","LARANJA","N"
104315,"Plataforma","Terminal Boqueirão - 536 - Zoológico","{""type"":""Point"",""coordinates"":[-49.230692186508,-25.5170754008]}","536","ZOOLÓGICO","ALIMENTADOR","LARANJA","N"
104315,"Plataforma","Terminal Boqueirão - 536 - Zoológico","{""type"":""Point"",""coordinates"":[-49.230692186508,-25.5170754008]}","536","ZOOLÓGICO","ALIMENTADOR","LARANJA","N"
104316,"Plataforma","Terminal Boqueirão - 513 - Hauer / Boqueirão","{""type"":""Point"",""coordinates"":[-49.230750262565,-25.516951512551]}","513","HAUER / BOQUEIRÃO","ALIMENTADOR","LARANJA","N"
104316,"Plataforma","Terminal Boqueirão - 513 - Hauer / Boqueirão","{""type"":""Point"",""coordinates"":[-49.230750262565,-25.516951512551]}","513","HAUER / BOQUEIRÃO","ALIMENTADOR","LARANJA","N"
104317,"Plataforma","Terminal Boqueirão - 533 - Érico Veríssimo / Pantanal","{""type"":""Point"",""coordinates"":[-49.230840495701,-25.51678724605]}","533","E. VERÍSSIMO / PANTANAL","ALIMENTADOR","LARANJA","N"
104317,"Plataforma","Terminal Boqueirão - 533 - Érico Veríssimo / Pantanal","{""type"":""Point"",""coordinates"":[-49.230840495701,-25.51678724605]}","533","E. VERÍSSIMO / PANTANAL","ALIMENTADOR","LARANJA","N"
104317,"Plataforma","Terminal Boqueirão - 533 - Érico Veríssimo / Pantanal","{""type"":""Point"",""coordinates"":[-49.230840495701,-25.51678724605]}","539","REFORÇO TERMINAL","ALIMENTADOR","LARANJA","N"
104317,"Plataforma","Terminal Boqueirão - 533 - Érico Veríssimo / Pantanal","{""type"":""Point"",""coordinates"":[-49.230840495701,-25.51678724605]}","539","REFORÇO TERMINAL","ALIMENTADOR","LARANJA","N"
104317,"Plataforma","Terminal Boqueirão - 533 - Érico Veríssimo / Pantanal","{""type"":""Point"",""coordinates"":[-49.230840495701,-25.51678724605]}","533","E. VERÍSSIMO / PANTANAL","ALIMENTADOR","LARANJA","N"
104318,"Plataforma","Terminal Boqueirão - 531 - Santa Inês","{""type"":""Point"",""coordinates"":[-49.230904139881,-25.516667744765]}","531","STA. INÊS","ALIMENTADOR","LARANJA","N"
104318,"Plataforma","Terminal Boqueirão - 531 - Santa Inês","{""type"":""Point"",""coordinates"":[-49.230904139881,-25.516667744765]}","531","STA. INÊS","ALIMENTADOR","LARANJA","N"
104319,"Plataforma","Terminal Boqueirão - 545 - Trabalhador / 540 - Boqueirão / Mondelez","{""type"":""Point"",""coordinates"":[-49.230965976687,-25.516554386786]}","540","BOQUEIRAO / MONDELEZ","ALIMENTADOR","LARANJA","N"
104319,"Plataforma","Terminal Boqueirão - 545 - Trabalhador / 540 - Boqueirão / Mondelez","{""type"":""Point"",""coordinates"":[-49.230965976687,-25.516554386786]}","545","TRABALHADOR","ALIMENTADOR","LARANJA","N"
104319,"Plataforma","Terminal Boqueirão - 545 - Trabalhador / 540 - Boqueirão / Mondelez","{""type"":""Point"",""coordinates"":[-49.230965976687,-25.516554386786]}","545","TRABALHADOR","ALIMENTADOR","LARANJA","N"
104319,"Plataforma","Terminal Boqueirão - 545 - Trabalhador / 540 - Boqueirão / Mondelez","{""type"":""Point"",""coordinates"":[-49.230965976687,-25.516554386786]}","540","BOQUEIRAO / MONDELEZ","ALIMENTADOR","LARANJA","N"
104401,"Plataforma","Terminal Cabral - 245 - Reforço Anita Garibaldi","{""type"":""Point"",""coordinates"":[-49.252312662012,-25.406531585969]}","245","REFORÇO ANITA GARIBALDI","ALIMENTADOR","LARANJA","N"
104401,"Plataforma","Terminal Cabral - 245 - Reforço Anita Garibaldi","{""type"":""Point"",""coordinates"":[-49.252312662012,-25.406531585969]}","245","REFORÇO ANITA GARIBALDI","ALIMENTADOR","LARANJA","N"
104403,"Plataforma","Terminal Cabral -  B20 - Guaraituba / Cabral (via Maracanã)","{""type"":""Point"",""coordinates"":[-49.252417848411,-25.406645239008]}","020","INTERBAIRROS II (HORÁRIO)","INTERBAIRROS","VERDE","N"
104404,"Plataforma","Terminal Cabral - 216 - Cabral / Portão","{""type"":""Point"",""coordinates"":[-49.252209977212,-25.406417371249]}","216","CABRAL / PORTÃO","ALIMENTADOR","LARANJA","N"
104404,"Plataforma","Terminal Cabral - 216 - Cabral / Portão","{""type"":""Point"",""coordinates"":[-49.252209977212,-25.406417371249]}","216","CABRAL / PORTÃO","ALIMENTADOR","LARANJA","N"
104405,"Plataforma","Terminal Cabral - 021 - Interbairros II (AH)","{""type"":""Point"",""coordinates"":[-49.252240822616,-25.406451388846]}","021","INTERBAIRROS II (ANTI-HORÁRIO)","INTERBAIRROS","VERDE","N"
104405,"Plataforma","Terminal Cabral - 021 - Interbairros II (AH)","{""type"":""Point"",""coordinates"":[-49.252240822616,-25.406451388846]}","021","INTERBAIRROS II (ANTI-HORÁRIO)","INTERBAIRROS","VERDE","N"
104405,"Plataforma","Terminal Cabral - 021 - Interbairros II (AH)","{""type"":""Point"",""coordinates"":[-49.252240822616,-25.406451388846]}","021","INTERBAIRROS II (ANTI-HORÁRIO)","INTERBAIRROS","VERDE","N"
104405,"Plataforma","Terminal Cabral - 021 - Interbairros II (AH)","{""type"":""Point"",""coordinates"":[-49.252240822616,-25.406451388846]}","021","INTERBAIRROS II (ANTI-HORÁRIO)","INTERBAIRROS","VERDE","N"
104405,"Plataforma","Terminal Cabral - 021 - Interbairros II (AH)","{""type"":""Point"",""coordinates"":[-49.252240822616,-25.406451388846]}","021","INTERBAIRROS II (ANTI-HORÁRIO)","INTERBAIRROS","VERDE","N"
104405,"Plataforma","Terminal Cabral - 021 - Interbairros II (AH)","{""type"":""Point"",""coordinates"":[-49.252240822616,-25.406451388846]}","021","INTERBAIRROS II (ANTI-HORÁRIO)","INTERBAIRROS","VERDE","N"
104405,"Plataforma","Terminal Cabral - 021 - Interbairros II (AH)","{""type"":""Point"",""coordinates"":[-49.252240822616,-25.406451388846]}","021","INTERBAIRROS II (ANTI-HORÁRIO)","INTERBAIRROS","VERDE","N"
104405,"Plataforma","Terminal Cabral - 021 - Interbairros II (AH)","{""type"":""Point"",""coordinates"":[-49.252240822616,-25.406451388846]}","021","INTERBAIRROS II (ANTI-HORÁRIO)","INTERBAIRROS","VERDE","N"
104406,"Plataforma","Terminal Cabral - 020 - Interbairros II (H)","{""type"":""Point"",""coordinates"":[-49.252353475395,-25.406384298118]}","020","INTERBAIRROS II (HORÁRIO)","INTERBAIRROS","VERDE","N"
104406,"Plataforma","Terminal Cabral - 020 - Interbairros II (H)","{""type"":""Point"",""coordinates"":[-49.252353475395,-25.406384298118]}","020","INTERBAIRROS II (HORÁRIO)","INTERBAIRROS","VERDE","N"
104406,"Plataforma","Terminal Cabral - 020 - Interbairros II (H)","{""type"":""Point"",""coordinates"":[-49.252353475395,-25.406384298118]}","020","INTERBAIRROS II (HORÁRIO)","INTERBAIRROS","VERDE","N"
104406,"Plataforma","Terminal Cabral - 020 - Interbairros II (H)","{""type"":""Point"",""coordinates"":[-49.252353475395,-25.406384298118]}","020","INTERBAIRROS II (HORÁRIO)","INTERBAIRROS","VERDE","N"
104406,"Plataforma","Terminal Cabral - 020 - Interbairros II (H)","{""type"":""Point"",""coordinates"":[-49.252353475395,-25.406384298118]}","020","INTERBAIRROS II (HORÁRIO)","INTERBAIRROS","VERDE","N"
104407,"Plataforma","Terminal Cabral - 211 - Colina Verde","{""type"":""Point"",""coordinates"":[-49.252462104859,-25.406497166381]}","211","COLINA VERDE","ALIMENTADOR","LARANJA","F"
104407,"Plataforma","Terminal Cabral - 211 - Colina Verde","{""type"":""Point"",""coordinates"":[-49.252462104859,-25.406497166381]}","211","COLINA VERDE","ALIMENTADOR","LARANJA","F"
104408,"Plataforma","Terminal Cabral - 213 - São João","{""type"":""Point"",""coordinates"":[-49.252562687698,-25.406609618852]}","213","SÃO JOÃO","ALIMENTADOR","LARANJA","S"
104408,"Plataforma","Terminal Cabral - 213 - São João","{""type"":""Point"",""coordinates"":[-49.252562687698,-25.406609618852]}","213","SÃO JOÃO","ALIMENTADOR","LARANJA","S"
104409,"Plataforma","Terminal Cabral - 212 - Solar","{""type"":""Point"",""coordinates"":[-49.25269411594,-25.406730758858]}","212","SOLAR","ALIMENTADOR","LARANJA","S"
104409,"Plataforma","Terminal Cabral - 212 - Solar","{""type"":""Point"",""coordinates"":[-49.25269411594,-25.406730758858]}","212","SOLAR","ALIMENTADOR","LARANJA","S"
104410,"Plataforma","Terminal Cabral - 214 - Tingui","{""type"":""Point"",""coordinates"":[-49.25282822639,-25.406890835662]}","214","TINGUI","ALIMENTADOR","LARANJA","S"
104410,"Plataforma","Terminal Cabral - 214 - Tingui","{""type"":""Point"",""coordinates"":[-49.25282822639,-25.406890835662]}","214","TINGUI","ALIMENTADOR","LARANJA","S"
104411,"Plataforma","Terminal Cabral - 203 - Santa Cândida / Capão Raso","{""type"":""Point"",""coordinates"":[-49.252844767511,-25.406763658218]}","203","STA. CÂNDIDA / C. RASO","EXPRESSO","VERMELHA","N"
104412,"Plataforma","Terminal Cabral - 207 - Cabral / Osório","{""type"":""Point"",""coordinates"":[-49.252463445965,-25.406335841992]}","207","CABRAL / OSÓRIO","TRONCAL","AMARELA","N"
104412,"Plataforma","Terminal Cabral - 207 - Cabral / Osório","{""type"":""Point"",""coordinates"":[-49.252463445965,-25.406335841992]}","207","CABRAL / OSÓRIO","TRONCAL","AMARELA","N"
104413,"Plataforma","Terminal Cabral - 203 - Santa Cândida / Capão Raso","{""type"":""Point"",""coordinates"":[-49.25274264,-25.40643942]}","203","STA. CÂNDIDA / C. RASO","EXPRESSO","VERMELHA","N"
104501,"Plataforma","Terminal Campina do Siqueira - 020 - Interbairros II (Horário)","{""type"":""Point"",""coordinates"":[-49.306887532517,-25.435877965682]}","020","INTERBAIRROS II (HORÁRIO)","INTERBAIRROS","VERDE","N"
104501,"Plataforma","Terminal Campina do Siqueira - 020 - Interbairros II (Horário)","{""type"":""Point"",""coordinates"":[-49.306887532517,-25.435877965682]}","020","INTERBAIRROS II (HORÁRIO)","INTERBAIRROS","VERDE","N"
104501,"Plataforma","Terminal Campina do Siqueira - 020 - Interbairros II (Horário)","{""type"":""Point"",""coordinates"":[-49.306887532517,-25.435877965682]}","020","INTERBAIRROS II (HORÁRIO)","INTERBAIRROS","VERDE","N"
104501,"Plataforma","Terminal Campina do Siqueira - 020 - Interbairros II (Horário)","{""type"":""Point"",""coordinates"":[-49.306887532517,-25.435877965682]}","020","INTERBAIRROS II (HORÁRIO)","INTERBAIRROS","VERDE","N"
104501,"Plataforma","Terminal Campina do Siqueira - 020 - Interbairros II (Horário)","{""type"":""Point"",""coordinates"":[-49.306887532517,-25.435877965682]}","020","INTERBAIRROS II (HORÁRIO)","INTERBAIRROS","VERDE","N"
104501,"Plataforma","Terminal Campina do Siqueira - 020 - Interbairros II (Horário)","{""type"":""Point"",""coordinates"":[-49.306887532517,-25.435877965682]}","020","INTERBAIRROS II (HORÁRIO)","INTERBAIRROS","VERDE","N"
104502,"Plataforma","Terminal Campina do Siqueira - 814 - Mossunguê","{""type"":""Point"",""coordinates"":[-49.307541991517,-25.435932465466]}","814","MOSSUNGUÊ","ALIMENTADOR","LARANJA","S"
104502,"Plataforma","Terminal Campina do Siqueira - 814 - Mossunguê","{""type"":""Point"",""coordinates"":[-49.307541991517,-25.435932465466]}","814","MOSSUNGUÊ","ALIMENTADOR","LARANJA","S"
104503,"Plataforma","Terminal Campina do Siqueira - 811 - Saturno","{""type"":""Point"",""coordinates"":[-49.307442749784,-25.435897343385]}","811","SATURNO","ALIMENTADOR","LARANJA","N"
104503,"Plataforma","Terminal Campina do Siqueira - 811 - Saturno","{""type"":""Point"",""coordinates"":[-49.307442749784,-25.435897343385]}","811","SATURNO","ALIMENTADOR","LARANJA","N"
104504,"Plataforma","Terminal Campina do Siqueira - 815 - Tuiuti / Barigui - 816 - C.Siqueira / Sta.Felicidade","{""type"":""Point"",""coordinates"":[-49.30734350805,-25.435857376868]}","815","REFORÇO TUIUTI","ALIMENTADOR","LARANJA","N"
104504,"Plataforma","Terminal Campina do Siqueira - 815 - Tuiuti / Barigui - 816 - C.Siqueira / Sta.Felicidade","{""type"":""Point"",""coordinates"":[-49.30734350805,-25.435857376868]}","816","CAMP. SIQUEIRA / STA.FELICIDADE","ALIMENTADOR","LARANJA","N"
104504,"Plataforma","Terminal Campina do Siqueira - 815 - Tuiuti / Barigui - 816 - C.Siqueira / Sta.Felicidade","{""type"":""Point"",""coordinates"":[-49.30734350805,-25.435857376868]}","815","REFORÇO TUIUTI","ALIMENTADOR","LARANJA","N"
104504,"Plataforma","Terminal Campina do Siqueira - 815 - Tuiuti / Barigui - 816 - C.Siqueira / Sta.Felicidade","{""type"":""Point"",""coordinates"":[-49.30734350805,-25.435857376868]}","815","REFORÇO TUIUTI","ALIMENTADOR","LARANJA","N"
104504,"Plataforma","Terminal Campina do Siqueira - 815 - Tuiuti / Barigui - 816 - C.Siqueira / Sta.Felicidade","{""type"":""Point"",""coordinates"":[-49.30734350805,-25.435857376868]}","815","REFORÇO TUIUTI","ALIMENTADOR","LARANJA","N"
104504,"Plataforma","Terminal Campina do Siqueira - 815 - Tuiuti / Barigui - 816 - C.Siqueira / Sta.Felicidade","{""type"":""Point"",""coordinates"":[-49.30734350805,-25.435857376868]}","816","CAMP. SIQUEIRA / STA.FELICIDADE","ALIMENTADOR","LARANJA","N"
104505,"Plataforma","Terminal Campina do Siqueira - 303 - Centenário / Campo Comprido","{""type"":""Point"",""coordinates"":[-49.306998364944,-25.435723602407]}","303","CENTENÁRIO / C. COMPRIDO","EXPRESSO","VERMELHA","N"
104506,"Plataforma","Terminal Campina do Siqueira - 021 - Interbairros II (Anti-Horário)","{""type"":""Point"",""coordinates"":[-49.307712311789,-25.435991809647]}","021","INTERBAIRROS II (ANTI-HORÁRIO)","INTERBAIRROS","VERDE","N"
104506,"Plataforma","Terminal Campina do Siqueira - 021 - Interbairros II (Anti-Horário)","{""type"":""Point"",""coordinates"":[-49.307712311789,-25.435991809647]}","021","INTERBAIRROS II (ANTI-HORÁRIO)","INTERBAIRROS","VERDE","N"
104506,"Plataforma","Terminal Campina do Siqueira - 021 - Interbairros II (Anti-Horário)","{""type"":""Point"",""coordinates"":[-49.307712311789,-25.435991809647]}","021","INTERBAIRROS II (ANTI-HORÁRIO)","INTERBAIRROS","VERDE","N"
104506,"Plataforma","Terminal Campina do Siqueira - 021 - Interbairros II (Anti-Horário)","{""type"":""Point"",""coordinates"":[-49.307712311789,-25.435991809647]}","021","INTERBAIRROS II (ANTI-HORÁRIO)","INTERBAIRROS","VERDE","N"
104506,"Plataforma","Terminal Campina do Siqueira - 021 - Interbairros II (Anti-Horário)","{""type"":""Point"",""coordinates"":[-49.307712311789,-25.435991809647]}","021","INTERBAIRROS II (ANTI-HORÁRIO)","INTERBAIRROS","VERDE","N"
104506,"Plataforma","Terminal Campina do Siqueira - 021 - Interbairros II (Anti-Horário)","{""type"":""Point"",""coordinates"":[-49.307712311789,-25.435991809647]}","021","INTERBAIRROS II (ANTI-HORÁRIO)","INTERBAIRROS","VERDE","N"
104506,"Plataforma","Terminal Campina do Siqueira - 021 - Interbairros II (Anti-Horário)","{""type"":""Point"",""coordinates"":[-49.307712311789,-25.435991809647]}","021","INTERBAIRROS II (ANTI-HORÁRIO)","INTERBAIRROS","VERDE","N"
104506,"Plataforma","Terminal Campina do Siqueira - 021 - Interbairros II (Anti-Horário)","{""type"":""Point"",""coordinates"":[-49.307712311789,-25.435991809647]}","021","INTERBAIRROS II (ANTI-HORÁRIO)","INTERBAIRROS","VERDE","N"
104506,"Plataforma","Terminal Campina do Siqueira - 021 - Interbairros II (Anti-Horário)","{""type"":""Point"",""coordinates"":[-49.307712311789,-25.435991809647]}","021","INTERBAIRROS II (ANTI-HORÁRIO)","INTERBAIRROS","VERDE","N"
104507,"Plataforma","Terminal Campina do Siqueira - 801 - Campina do Siqueira / Batel","{""type"":""Point"",""coordinates"":[-49.307036395118,-25.435926409936]}","801","CAMP. SIQUEIRA / BATEL","TRONCAL","AMARELA","N"
104507,"Plataforma","Terminal Campina do Siqueira - 801 - Campina do Siqueira / Batel","{""type"":""Point"",""coordinates"":[-49.307036395118,-25.435926409936]}","801","CAMP. SIQUEIRA / BATEL","TRONCAL","AMARELA","N"
104508,"Plataforma","Terminal Campina do Siqueira - 812 - Montana","{""type"":""Point"",""coordinates"":[-49.307134295747,-25.435959109796]}","812","MONTANA","ALIMENTADOR","LARANJA","N"
104508,"Plataforma","Terminal Campina do Siqueira - 812 - Montana","{""type"":""Point"",""coordinates"":[-49.307134295747,-25.435959109796]}","812","MONTANA","ALIMENTADOR","LARANJA","N"
104509,"Plataforma","Terminal Campina do Siqueira - 303 - Centenário / Campo Comprido","{""type"":""Point"",""coordinates"":[-49.307527818046,-25.436113831389]}","303","CENTENÁRIO / C. COMPRIDO","EXPRESSO","VERMELHA","N"
104601,"Plataforma","Terminal Campo Comprido - 303 - Centenário / C.Comprido - Embarque","{""type"":""Point"",""coordinates"":[-49.346978282274,-25.44171989811]}","303","CENTENÁRIO / C. COMPRIDO","EXPRESSO","VERMELHA","N"
104601,"Plataforma","Terminal Campo Comprido - 303 - Centenário / C.Comprido - Embarque","{""type"":""Point"",""coordinates"":[-49.346978282274,-25.44171989811]}","303","CENTENÁRIO / C. COMPRIDO","EXPRESSO","VERMELHA","N"
104603,"Plataforma","Terminal Campo Comprido - 040 - Interbairros IV (Horário)","{""type"":""Point"",""coordinates"":[-49.346051341104,-25.441699100568]}","040","INTERBAIRROS IV","INTERBAIRROS","VERDE","N"
104603,"Plataforma","Terminal Campo Comprido - 040 - Interbairros IV (Horário)","{""type"":""Point"",""coordinates"":[-49.346051341104,-25.441699100568]}","040","INTERBAIRROS IV","INTERBAIRROS","VERDE","N"
104606,"Plataforma","Terminal Campo Comprido - 827 - Riviera","{""type"":""Point"",""coordinates"":[-49.34632839633,-25.44170543201]}","827","RIVIERA","ALIMENTADOR","LARANJA","F"
104606,"Plataforma","Terminal Campo Comprido - 827 - Riviera","{""type"":""Point"",""coordinates"":[-49.34632839633,-25.44170543201]}","827","RIVIERA","ALIMENTADOR","LARANJA","F"
104607,"Plataforma","Terminal Campo Comprido - 822 - Jd.Gabineto","{""type"":""Point"",""coordinates"":[-49.346497404929,-25.441708406534]}","822","GABINETO","ALIMENTADOR","LARANJA","N"
104607,"Plataforma","Terminal Campo Comprido - 822 - Jd.Gabineto","{""type"":""Point"",""coordinates"":[-49.346497404929,-25.441708406534]}","822","GABINETO","ALIMENTADOR","LARANJA","N"
104608,"Plataforma","Terminal Campo Comprido - 821 - Fernão Dias","{""type"":""Point"",""coordinates"":[-49.346667171793,-25.441711798865]}","821","FERNÃO DIAS","ALIMENTADOR","LARANJA","F"
104608,"Plataforma","Terminal Campo Comprido - 821 - Fernão Dias","{""type"":""Point"",""coordinates"":[-49.346667171793,-25.441711798865]}","821","FERNÃO DIAS","ALIMENTADOR","LARANJA","F"
104611,"Plataforma","Terminal Campo Comprido - 825 - Vila Marqueto","{""type"":""Point"",""coordinates"":[-49.34695,-25.441466749156]}","825","V. MARQUETO","ALIMENTADOR","LARANJA","S"
104611,"Plataforma","Terminal Campo Comprido - 825 - Vila Marqueto","{""type"":""Point"",""coordinates"":[-49.34695,-25.441466749156]}","825","V. MARQUETO","ALIMENTADOR","LARANJA","S"
104612,"Plataforma","Terminal Campo Comprido - 040 - Interbairros IV","{""type"":""Point"",""coordinates"":[-49.347181690807,-25.441539065196]}","040","INTERBAIRROS IV","INTERBAIRROS","VERDE","N"
104612,"Plataforma","Terminal Campo Comprido - 720 - Fazendinha / C.Comprido","{""type"":""Point"",""coordinates"":[-49.347128619098,-25.44154923084]}","720","FAZENDINHA / C. COMPRIDO","ALIMENTADOR","LARANJA","N"
104612,"Plataforma","Terminal Campo Comprido - 040 - Interbairros IV","{""type"":""Point"",""coordinates"":[-49.347181690807,-25.441539065196]}","040","INTERBAIRROS IV","INTERBAIRROS","VERDE","N"
104612,"Plataforma","Terminal Campo Comprido - 720 - Fazendinha / C.Comprido","{""type"":""Point"",""coordinates"":[-49.347128619098,-25.44154923084]}","720","FAZENDINHA / C. COMPRIDO","ALIMENTADOR","LARANJA","N"
104613,"Plataforma","Terminal Campo Comprido - 828 - Campo Comprido / Capão Raso","{""type"":""Point"",""coordinates"":[-49.347001457672,-25.441535779008]}","828","C. COMPRIDO / C. RASO","ALIMENTADOR","LARANJA","N"
104613,"Plataforma","Terminal Campo Comprido - 828 - Campo Comprido / Capão Raso","{""type"":""Point"",""coordinates"":[-49.347001457672,-25.441535779008]}","828","C. COMPRIDO / C. RASO","ALIMENTADOR","LARANJA","N"
104614,"Plataforma","Terminal Campo Comprido - 823 - Augusta","{""type"":""Point"",""coordinates"":[-49.346594927578,-25.441529447527]}","823","AUGUSTA","ALIMENTADOR","LARANJA","S"
104614,"Plataforma","Terminal Campo Comprido - 823 - Augusta","{""type"":""Point"",""coordinates"":[-49.346594927578,-25.441529447527]}","823","AUGUSTA","ALIMENTADOR","LARANJA","S"
104614,"Plataforma","Terminal Campo Comprido - 823 - Augusta","{""type"":""Point"",""coordinates"":[-49.346594927578,-25.441529447527]}","823","AUGUSTA","ALIMENTADOR","LARANJA","S"
104614,"Plataforma","Terminal Campo Comprido - 823 - Augusta","{""type"":""Point"",""coordinates"":[-49.346594927578,-25.441529447527]}","823","AUGUSTA","ALIMENTADOR","LARANJA","S"
104614,"Plataforma","Terminal Campo Comprido - 823 - Augusta","{""type"":""Point"",""coordinates"":[-49.346594927578,-25.441529447527]}","823","AUGUSTA","ALIMENTADOR","LARANJA","S"
104614,"Plataforma","Terminal Campo Comprido - 823 - Augusta","{""type"":""Point"",""coordinates"":[-49.346594927578,-25.441529447527]}","823","AUGUSTA","ALIMENTADOR","LARANJA","S"
104614,"Plataforma","Terminal Campo Comprido - 823 - Augusta","{""type"":""Point"",""coordinates"":[-49.346594927578,-25.441529447527]}","823","AUGUSTA","ALIMENTADOR","LARANJA","S"
104614,"Plataforma","Terminal Campo Comprido - 823 - Augusta","{""type"":""Point"",""coordinates"":[-49.346594927578,-25.441529447527]}","823","AUGUSTA","ALIMENTADOR","LARANJA","S"
104615,"Plataforma","Terminal Campo Comprido  - 826 - Campo Comprido / CIC - 732 Campo Comprido / Caiuá","{""type"":""Point"",""coordinates"":[-49.346710612269,-25.441530658577]}","826","C. COMPRIDO / CIC","ALIMENTADOR","LARANJA","N"
104615,"Plataforma","Terminal Campo Comprido  - 826 - Campo Comprido / CIC - 732 Campo Comprido / Caiuá","{""type"":""Point"",""coordinates"":[-49.346710612269,-25.441530658577]}","732","CAIUA / C.COMPRIDO","ALIMENTADOR","LARANJA","N"
104615,"Plataforma","Terminal Campo Comprido  - 826 - Campo Comprido / CIC - 732 Campo Comprido / Caiuá","{""type"":""Point"",""coordinates"":[-49.346710612269,-25.441530658577]}","826","C. COMPRIDO / CIC","ALIMENTADOR","LARANJA","N"
104615,"Plataforma","Terminal Campo Comprido  - 826 - Campo Comprido / CIC - 732 Campo Comprido / Caiuá","{""type"":""Point"",""coordinates"":[-49.346710612269,-25.441530658577]}","732","CAIUA / C.COMPRIDO","ALIMENTADOR","LARANJA","N"
104616,"Plataforma","Terminal Campo Comprido - 060 - Interbairros VI","{""type"":""Point"",""coordinates"":[-49.346831661377,-25.44153276907]}","060","INTERBAIRROS VI","INTERBAIRROS","VERDE","N"
104616,"Plataforma","Terminal Campo Comprido - 060 - Interbairros VI","{""type"":""Point"",""coordinates"":[-49.346831661377,-25.44153276907]}","060","INTERBAIRROS VI","INTERBAIRROS","VERDE","N"
104621,"Plataforma","Terminal Campo Comprido - 829 - Universidade Positivo","{""type"":""Point"",""coordinates"":[-49.346109737434,-25.441461834245]}","829","UNIV.POSITIVO","ALIMENTADOR","LARANJA","N"
104621,"Plataforma","Terminal Campo Comprido - 829 - Universidade Positivo","{""type"":""Point"",""coordinates"":[-49.346109737434,-25.441461834245]}","829","UNIV.POSITIVO","ALIMENTADOR","LARANJA","N"
104621,"Plataforma","Terminal Campo Comprido - 829 - Universidade Positivo","{""type"":""Point"",""coordinates"":[-49.346109737434,-25.441461834245]}","829","UNIV.POSITIVO","ALIMENTADOR","LARANJA","N"
104621,"Plataforma","Terminal Campo Comprido - 829 - Universidade Positivo","{""type"":""Point"",""coordinates"":[-49.346109737434,-25.441461834245]}","829","UNIV.POSITIVO","ALIMENTADOR","LARANJA","N"
104701,"Plataforma","Terminal Capão da Imbuia - 303 - Centenário / Campo Comprido","{""type"":""Point"",""coordinates"":[-49.221567080322,-25.440005649011]}","303","CENTENÁRIO / C. COMPRIDO","EXPRESSO","VERMELHA","N"
104701,"Plataforma","Terminal Capão da Imbuia - 303 - Centenário / Campo Comprido","{""type"":""Point"",""coordinates"":[-49.221567080322,-25.440005649011]}","302","CEN